Age Group,Class,Gender,Mother tongue ,State,Education,Occupation,Household income,Average monthly Electricity Bill,Payment mode,Ownership,Home size,House type,Consumption Profile,Perception on Individual Usage,Perception on Sharing Consumption information,Perception on load control incentivised,Perception on load control Self,Perception on smart grid,Perception on smart home appliances,Perception on Solar PV and EV,Perception on Vehicle to Grid,Adoption of Roof top PV,Percpective on RPV EV combination
15-24 ,Generation Z,Male,Malayalam,Kerala,Degree,Employed (Govt. Sector and private),2.5 lakhs - 5  lakhs,900,By Visiting Website - Online/ net banking,Owned,1500,Medium,Very Liberal,14,12,5,7,20,16,18,29,10,19
25 -39 ,Millennials,Male,Malayalam,Kerala,Post Graduate,Student,2.5 lakhs - 5  lakhs,550,By Visiting Website - Online/ net banking,Owned,1050,Medium,Some what Liberal,17,12,25,30,20,17,16,29,10,19
15-24 ,Generation Z,Male,Malayalam,Kerala,Degree,Employed (Govt. Sector and private),<2.5 Lakhs,2000,By Visiting Website - Online/ net banking,Owned,1000,Medium,Some what Liberal,12,12,23,20,20,14,15,21,7,13
15-24 ,Generation Z,Male,Malayalam,Kerala,Degree,Student,2.5 lakhs - 5  lakhs,400,By Visiting Website - Online/ net banking,Owned,1500,Medium,Some what Liberal,12,11,16,6,13,14,18,24,10,19
15-24 ,Generation Z,Male,Malayalam,Kerala,Degree,Employed (Govt. Sector and private),2.5 lakhs - 5  lakhs,2000,By Visiting Website - Online/ net banking,Owned,1800,Medium,Moderate,14,13,25,30,21,18,19,30,10,20
25 -39 ,Millennials,Female,Malayalam,Kerala,Post Graduate,Research Scholar,<2.5 Lakhs,1600,By Visiting Utility office - Self,Owned,900,Small,Moderate,15,11,8,12,8,16,15,29,7,16
25 -39 ,Millennials,Female,Malayalam,Kerala,Post Graduate,Employed (Govt. Sector and private),2.5 lakhs - 5  lakhs,1000,By Visiting Website - Online/ net banking,Owned,2950,Large,Moderate,21,12,15,19,22,18,18,30,10,20
25 -39 ,Millennials,Male,Malayalam,Kerala,Degree,Employed (Govt. Sector and private),<2.5 Lakhs,1200,By Visiting Website - Online/ net banking,Owned,1000,Medium,Some what Liberal,12,13,5,8,11,8,8,20,8,16
25 -39 ,Millennials,Male,Malayalam,Kerala,Degree,Employed (Govt. Sector and private),2.5 lakhs - 5  lakhs,1200,By Visiting Website - Online/ net banking,Owned,1000,Medium,Some what Liberal,19,14,25,30,22,18,18,30,10,20
15-24 ,Generation Z,Male,Malayalam,Kerala,Degree,Employed (Govt. Sector and private),<2.5 Lakhs,1800,By Visiting Website - Online/ net banking,Owned,1500,Medium,Moderate,17,11,15,23,11,18,13,22,7,14
25 -39 ,Millennials,Male,Malayalam,Kerala,Post Graduate,Employed (Govt. Sector and private),2.5 lakhs - 5  lakhs,800,By Visiting Website - Online/ net banking,Owned,2100,Medium,Unchanging,8,12,25,26,22,15,17,25,10,19
25 -39 ,Millennials,Male,Malayalam,Kerala,Doctoral and Higher,Higher Education,5-7.5 lakhs,900,By Visiting Website - Online/ net banking,Owned,1800,Medium,Some what Liberal,15,7,5,6,18,14,18,20,10,19
25 -39 ,Millennials,Male,Hindi,Punjab,Post Graduate,Research Scholar,2.5 lakhs - 5  lakhs,2500,By Visiting Utility office - Self,Owned,4000,Large,Some what Liberal,8,12,11,10,18,12,16,15,5,11
25 -39 ,Millennials,Male,Hindi,Uttarakhand,Post Graduate,Student;Self Employed and Business,<2.5 Lakhs,3500,By Visiting Utility office - Self,Owned,650,Small,Some what Liberal,18,10,19,23,19,17,8,29,10,20
15-24 ,Generation Z,Female,Hindi,Uttarakhand,Post Graduate,Student,2.5 lakhs - 5  lakhs,3500,By Visiting Utility office - Self,Rent,750,Small,Moderate,13,9,17,17,9,16,9,17,7,12
25 -39 ,Millennials,Male,Malayalam,Kerala,Post Graduate,Employed (Govt. Sector and private),Above 10 lakhs,700,By Visiting Website - Online/ net banking,Owned,1800,Medium,Very Liberal,15,14,9,16,22,18,19,28,10,19
25 -39 ,Millennials,Male,Bengali,West Bengal,Post Graduate,Research Scholar,2.5 lakhs - 5  lakhs,3000,By Visiting Website - Online/ net banking,Owned,1130,Medium,Very Liberal,11,12,5,6,19,17,11,20,10,18
15-24 ,Generation Z,Male,Malayalam,Kerala,Degree,Apprenticeship,<2.5 Lakhs,1300,By Visiting Website - Online/ net banking,Owned,2000,Medium,Some what Liberal,9,12,10,13,18,17,17,15,8,17
15-24 ,Generation Z,Male,Hindi,Haryana,Post Graduate,Higher Education,< 1 Lakhs,1000,By Visiting Website - Online/ net banking,Owned,1800,Medium,Moderate,13,13,8,19,19,14,16,22,7,14
15-24 ,Generation Z,Male,Telugu,Telangana,Post Graduate,Student,< 1 Lakhs,490,By Visiting Website - Online/ net banking,Owned,500,Small,Very Liberal,15,8,19,25,6,9,8,19,7,13
25 -39 ,Millennials,Male,Assamese,Assam,Post Graduate,Student;Higher Education,0- 16000 (BPL- Urban),1000,By Visiting Utility office - Self,Owned,4000,Large,Very Liberal,10,13,20,29,19,17,16,29,10,19
15-24 ,Generation Z,Male,Telugu,Andhra Pradesh,Degree,Higher Education,<2.5 Lakhs,1000,By Visiting Website - Online/ net banking,Owned,950,Small,Very Liberal,16,10,5,9,11,15,16,29,10,19
25 -39 ,Millennials,Male,Hindi,Uttar Pradesh,Degree,Student,2.5 lakhs - 5  lakhs,1000,By Visiting Utility office - Self,Owned,1200,Medium,Moderate,18,13,15,21,22,10,10,26,7,13
25 -39 ,Millennials,Male,Bengali,West Bengal,Post Graduate,Student,2.5 lakhs - 5  lakhs,1000,By Visiting Website - Online/ net banking,Owned,1200,Medium,Very Liberal,14,12,9,11,22,10,15,21,6,13
25 -39 ,Millennials,Male,Hindi,Uttar Pradesh,Post Graduate,Research Scholar,2.5 lakhs - 5  lakhs,200,By Visiting Website - Online/ net banking,Owned,2000,Medium,Very Liberal,19,13,18,27,22,18,19,30,10,20
25 -39 ,Millennials,Male,Malayalam,Kerala,Post Graduate,Student;Higher Education,7.5 - 10 Lakhs,750,By Visiting Website - Online/ net banking,Owned,1500,Medium,Very Liberal,16,5,17,28,9,18,18,25,10,19
25 -39 ,Millennials,Male,Tamil,Tamil Nadu,Post Graduate,Research Scholar,< 1 Lakhs,1100,By Visiting Utility office - Self,Owned,600,Small,Moderate,15,13,16,18,19,18,16,17,8,16
15-24 ,Generation Z,Male,Konkani,Karnataka,Degree,Student,<2.5 Lakhs,1000,By Visiting Website - Online/ net banking,Owned,1600,Medium,Moderate,17,14,15,18,0,17,7,18,6,12
25 -39 ,Millennials,Male,Tulu,Karnataka,Degree,Student,< 1 Lakhs,3000,By Visiting Utility office - Self,Owned,2700,Large,Moderate,15,13,15,19,22,18,14,19,6,12
15-24 ,Generation Z,Female,Konkani,Karnataka,Degree,Student,< 1 Lakhs,2500,By Visiting Website - Online/ net banking,Owned,2500,Large,Moderate,12,7,15,18,0,0,10,19,6,12
15-24 ,Generation Z,Male,Tulu,Karnataka,Degree,Student,< 1 Lakhs,1000,By Visiting Utility office - Self,Owned,1200,Medium,Moderate,13,11,15,18,22,18,14,19,6,13
15-24 ,Generation Z,Male,Tulu,Karnataka,Post Graduate,Employed (Govt. Sector and private),< 1 Lakhs,1000,By Visiting Website - Online/ net banking,Owned,700,Small,Moderate,17,12,7,8,11,16,14,21,6,12
25 -39 ,Millennials,Male,Kannada,Karnataka,Degree,Student,2.5 lakhs - 5  lakhs,750,By Visiting Utility office - Self,Owned,750,Small,Some what Liberal,14,10,16,20,0,18,15,19,6,12
15-24 ,Generation Z,Female,Malayalam,Kerala,Degree,Student,< 1 Lakhs,600,By Visiting Website - Online/ net banking,Owned,800,Small,Moderate,16,12,18,20,5,18,11,23,8,16
15-24 ,Generation Z,Female,Malayalam,Kerala,Degree,Student,< 1 Lakhs,900,By Visiting Website - Online/ net banking,Owned,1200,Medium,Moderate,8,7,15,19,0,0,9,18,6,12
15-24 ,Generation Z,Male,Malayalam,Kerala,Post Graduate,Student,2.5 lakhs - 5  lakhs,1000,By Visiting Website - Online/ net banking,Owned,1100,Medium,Moderate,14,10,9,12,0,18,9,20,8,16
15-24 ,Generation Z,Male,Malayalam,Kerala,Degree,Student,< 1 Lakhs,2600,By Visiting Website - Online/ net banking,Owned,1000,Medium,Some what Liberal,13,9,15,13,22,18,18,20,6,15
15-24 ,Generation Z,Male,Malayalam,Kerala,Degree,Student,< 1 Lakhs,1100,By Visiting Website - Online/ net banking,Owned,1400,Medium,Some what Liberal,14,6,14,14,11,18,15,20,6,14
15-24 ,Generation Z,Male,Malayalam,Kerala,Degree,Student,<2.5 Lakhs,1250,By Visiting Utility office - Self,Rent,1000,Medium,Moderate,17,12,20,24,22,9,18,30,10,20
15-24 ,Generation Z,Female,Malayalam,Kerala,Degree,Student,Above 10 lakhs,2000,By Visiting Website - Online/ net banking,Owned,1500,Medium,Moderate,14,7,15,18,0,8,7,18,6,12
25 -39 ,Millennials,Male,Malayalam,Kerala,Post Graduate,Student,< 1 Lakhs,300,By Visiting Utility office - Self,Owned,3200,Large,Moderate,13,10,15,19,0,0,12,18,6,12
15-24 ,Generation Z,Male,Malayalam,Kerala,Degree,Student,< 1 Lakhs,1000,By Visiting Utility office - Self,Owned,1400,Medium,Moderate,12,7,10,13,9,15,14,17,6,11
15-24 ,Generation Z,Male,Malayalam,Kerala,Degree,Higher Education,< 1 Lakhs,800,By Visiting Utility office - Self,Owned,800,Small,Moderate,17,10,10,6,8,12,17,20,6,12
15-24 ,Generation Z,Female,Malayalam,Kerala,Degree,Student,<2.5 Lakhs,1500,By Visiting Website - Online/ net banking,Owned,1700,Medium,Moderate,18,4,18,21,2,1,13,25,6,15
15-24 ,Generation Z,Male,Malayalam,Kerala,Degree,Student,< 1 Lakhs,700,By Visiting Utility office - Self,Owned,2350,Medium,Some what Liberal,14,7,15,16,3,16,15,19,6,12
25 -39 ,Millennials,Male,Malayalam,Kerala,Post Graduate,Student,0- 16000 (BPL- Urban),250,By Visiting Utility office - Self,Owned,200,Small,Very Liberal,16,11,13,19,12,5,8,20,6,13
25 -39 ,Millennials,Female,Malayalam,Kerala,Post Graduate,Student,< 1 Lakhs,2000,By Visiting Website - Online/ net banking,Owned,2500,Large,Some what Liberal,14,8,7,16,22,18,14,20,6,12
25 -39 ,Millennials,Male,Malayalam,Kerala,Post Graduate,Student,5-7.5 lakhs,1350,By Visiting Website - Online/ net banking,Owned,3795,Large,Moderate,11,9,10,13,11,17,15,17,6,12
25 -39 ,Millennials,Female,Malayalam,Kerala,Post Graduate,Student,5-7.5 lakhs,1700,By Visiting Website - Online/ net banking,Owned,1800,Medium,Moderate,12,9,16,29,0,14,16,13,10,19
15-24 ,Generation Z,Male,Malayalam,Kerala,Degree,Student;Higher Education,<2.5 Lakhs,1300,By Visiting Utility office - Self,Owned,1300,Medium,Very Liberal,16,12,6,12,15,12,12,20,6,12
15-24 ,Generation Z,Male,Malayalam,Kerala,Degree,Student,<2.5 Lakhs,1500,By Visiting Website - Online/ net banking,Owned,1000,Medium,Unchanging,14,11,22,22,21,18,7,21,8,13
25 -39 ,Millennials,Female,Malayalam,Kerala,Post Graduate,Student,7.5 - 10 Lakhs,1500,By Visiting Website - Online/ net banking,Owned,1500,Medium,Moderate,15,11,15,17,22,11,18,28,10,18
15-24 ,Generation Z,Female,Malayalam,Kerala,Degree,Student,< 1 Lakhs,800,By Visiting Utility office - Self,Owned,1000,Medium,Moderate,10,10,14,18,0,12,15,19,6,13
25 -39 ,Millennials,Female,Malayalam,Kerala,Post Graduate,Student,2.5 lakhs - 5  lakhs,800,By Visiting Utility office - Self,Owned,2400,Medium,Very Liberal,13,10,21,24,17,11,15,29,6,13
15-24 ,Generation Z,Female,Malayalam,Kerala,Degree,Student,< 1 Lakhs,750,By Visiting Website - Online/ net banking,Rent,2750,Large,Moderate,15,11,13,14,17,13,15,22,6,13
25 -39 ,Millennials,Male,Malayalam,Kerala,Post Graduate,Student,< 1 Lakhs,500,By Visiting Utility office - Self,Owned,2500,Large,Moderate,15,3,7,8,0,17,15,22,6,13
25 -39 ,Millennials,Female,Malayalam,Kerala,Post Graduate,Student,2.5 lakhs - 5  lakhs,800,By Visiting Website - Online/ net banking,Owned,2100,Medium,Moderate,13,5,15,15,0,17,15,18,6,13
15-24 ,Generation Z,Male,Malayalam,Kerala,Degree,Student,< 1 Lakhs,1200,By Visiting Utility office - Self,Owned,2500,Large,Moderate,13,12,15,19,20,18,14,21,7,15
25 -39 ,Millennials,Male,Malayalam,Kerala,Post Graduate,Student,< 1 Lakhs,800,By Visiting Website - Online/ net banking,Owned,2300,Medium,Moderate,11,10,15,13,0,16,16,18,6,12
15-24 ,Generation Z,Female,Malayalam,Kerala,Degree,Student,<2.5 Lakhs,800,By Visiting Website - Online/ net banking,Owned,1500,Medium,Some what Liberal,14,7,16,17,7,18,11,18,6,12
15-24 ,Generation Z,Female,Malayalam,Kerala,Degree,Student,< 1 Lakhs,800,By Visiting Utility office - Self,Owned,1200,Medium,Moderate,7,7,7,11,11,10,11,12,3,8
15-24 ,Generation Z,Female,Malayalam,Kerala,Degree,Student,<2.5 Lakhs,800,By Visiting Website - Online/ net banking,Owned,2800,Large,Moderate,14,7,6,12,0,7,11,11,4,7
15-24 ,Generation Z,Female,Malayalam,Kerala,Degree,Student,< 1 Lakhs,1000,NR,Owned,1250,Medium,Moderate,12,7,8,8,0,10,11,11,4,7
15-24 ,Generation Z,Female,Malayalam,Kerala,Degree,Student,<2.5 Lakhs,600,By Visiting Website - Online/ net banking,Owned,1500,Medium,Moderate,12,7,9,8,0,18,11,11,4,7
15-24 ,Generation Z,Male,Malayalam,Kerala,Degree,Student,< 1 Lakhs,1000,By Visiting Utility office - Self,Owned,1350,Medium,Some what Liberal,15,13,5,7,18,16,17,24,10,20
15-24 ,Generation Z,Male,Malayalam,Kerala,Degree,Student,0- 16000 (BPL- Urban),1200,By Visiting Utility office - Self,Owned,1450,Medium,Some what Liberal,11,10,15,24,6,12,15,24,10,20
25 -39 ,Millennials,Male,Malayalam,Kerala,Post Graduate,Student,< 1 Lakhs,1000,NR,Owned,650,Small,Some what Liberal,19,10,9,8,0,17,15,24,10,20
15-24 ,Generation Z,Female,Malayalam,Kerala,Degree,Student,Above 10 lakhs,3000,By Visiting Utility office - Self,Owned,1500,Medium,Moderate,17,8,8,8,0,13,15,24,10,20
15-24 ,Generation Z,Female,Malayalam,Kerala,Degree,Student,2.5 lakhs - 5  lakhs,1100,By Visiting Utility office - Self,Owned,1100,Medium,Moderate,16,12,20,25,20,18,14,24,8,16
25 -39 ,Millennials,Female,Malayalam,Kerala,Post Graduate,Student,5-7.5 lakhs,500,By Visiting Website - Online/ net banking,Owned,2000,Medium,Moderate,13,9,15,18,6,16,17,28,6,14
15-24 ,Generation Z,Male,Malayalam,Kerala,Degree,Student,< 1 Lakhs,5500,By Visiting Utility office - Self,Owned,1400,Medium,Moderate,15,9,15,18,0,15,11,18,6,12
15-24 ,Generation Z,Male,Malayalam,Kerala,Degree,Student,2.5 lakhs - 5  lakhs,1500,By Visiting Website - Online/ net banking,Owned,2500,Large,Moderate,11,12,24,26,22,14,19,29,10,20
15-24 ,Generation Z,Male,Malayalam,Kerala,Degree,Student,7.5 - 10 Lakhs,800,By Visiting Website - Online/ net banking,Owned,1950,Medium,Moderate,14,13,15,21,0,16,13,20,6,12
15-24 ,Generation Z,Female,Malayalam,Kerala,Degree,Student,< 1 Lakhs,800,By Visiting Utility office - Self,Rent,1100,Medium,Some what Liberal,15,7,7,8,0,14,13,20,6,12
25 -39 ,Millennials,Female,Malayalam,Kerala,Post Graduate,Student,< 1 Lakhs,1500,By Visiting Website - Online/ net banking,Owned,2000,Medium,Some what Liberal,15,13,15,20,22,15,13,22,7,14
15-24 ,Generation Z,Female,Malayalam,Kerala,Degree,Student,Above 10 lakhs,1000,By Visiting Website - Online/ net banking,Owned,1000,Medium,Moderate,18,13,25,30,22,18,7,26,10,16
15-24 ,Generation Z,Male,Malayalam,Kerala,Degree,Student,5-7.5 lakhs,2200,By Visiting Utility office - Self,Owned,1950,Medium,Very Liberal,13,11,12,12,22,18,17,30,8,17
15-24 ,Generation Z,Male,Malayalam,Kerala,Degree,Student,< 1 Lakhs,600,By Visiting Utility office - Self,Owned,1000,Medium,Moderate,5,7,14,16,0,18,6,7,3,6
25 -39 ,Millennials,Female,Malayalam,Kerala,Post Graduate,Student,< 1 Lakhs,800,By Visiting Website - Online/ net banking,Owned,1000,Medium,Moderate,8,13,21,23,14,8,17,30,10,20
15-24 ,Generation Z,Female,Malayalam,Kerala,Degree,Student,<2.5 Lakhs,4500,By Visiting Website - Online/ net banking,Owned,2000,Medium,Some what Liberal,13,9,15,18,0,18,13,18,6,12
25 -39 ,Millennials,Male,Malayalam,Kerala,Post Graduate,Student,<2.5 Lakhs,1500,By Visiting Utility office - Self,Owned,2000,Medium,Very Liberal,15,13,12,20,19,13,9,17,8,15
25 -39 ,Millennials,Female,Malayalam,Kerala,Post Graduate,Student,<2.5 Lakhs,2000,NR,Owned,2950,Large,Some what Liberal,18,11,7,8,0,7,6,17,8,15
25 -39 ,Millennials,Female,Malayalam,Kerala,Post Graduate,Student,< 1 Lakhs,1200,By Visiting Utility office - Self,Owned,1500,Medium,Moderate,14,11,17,19,13,14,18,22,8,16
15-24 ,Generation Z,Male,Malayalam,Kerala,Degree,Student,< 1 Lakhs,500,By Visiting Website - Online/ net banking,Owned,1800,Medium,Moderate,11,13,17,18,22,15,18,23,6,12
25 -39 ,Millennials,Female,Malayalam,Kerala,Post Graduate,Student,< 1 Lakhs,370,By Visiting Website - Online/ net banking,Owned,750,Small,Very Liberal,16,12,25,30,13,16,12,28,7,16
15-24 ,Generation Z,Male,Malayalam,Kerala,Degree,Student,2.5 lakhs - 5  lakhs,3000,By Visiting Website - Online/ net banking,Owned,2500,Large,Moderate,17,11,15,18,22,17,16,23,8,15
25 -39 ,Millennials,Male,Malayalam,Kerala,Post Graduate,Student,< 1 Lakhs,1300,By Visiting Utility office - Self,Owned,450,Small,Some what Liberal,16,10,7,8,0,13,16,23,8,15
15-24 ,Generation Z,Male,Malayalam,Kerala,Degree,Student,< 1 Lakhs,1000,By Visiting Website - Online/ net banking,Owned,1600,Medium,Very Liberal,16,12,23,23,22,16,15,22,7,15
15-24 ,Generation Z,Female,Malayalam,Kerala,Degree,Student,< 1 Lakhs,1500,By Visiting Website - Online/ net banking,Owned,2000,Medium,Moderate,13,11,25,22,20,17,19,25,10,19
25 -39 ,Millennials,Male,Malayalam,Kerala,Post Graduate,Student,5-7.5 lakhs,1200,By Visiting Website - Online/ net banking,Owned,2500,Large,Some what Liberal,13,7,15,20,9,14,16,17,5,9
25 -39 ,Millennials,Male,Malayalam,Kerala,Post Graduate,Student,2.5 lakhs - 5  lakhs,800,By Visiting Website - Online/ net banking,Owned,1800,Medium,Very Liberal,17,12,20,30,0,18,11,23,8,15
25 -39 ,Millennials,Male,Malayalam,Kerala,Degree,Student,5-7.5 lakhs,1200,By Visiting Website - Online/ net banking,Owned,2500,Large,Moderate,18,11,6,8,0,18,11,23,8,15
25 -39 ,Millennials,Female,Malayalam,Kerala,Post Graduate,Student,< 1 Lakhs,500,By Visiting Utility office - Self,Owned,1800,Medium,Moderate,12,11,15,18,8,14,10,18,6,12
15-24 ,Generation Z,Female,Malayalam,Kerala,Degree,Student,2.5 lakhs - 5  lakhs,1950,By Visiting Website - Online/ net banking,Owned,800,Small,Some what Liberal,13,12,15,18,0,18,17,21,6,13
25 -39 ,Millennials,Male,Malayalam,Kerala,Post Graduate,Student,7.5 - 10 Lakhs,4000,By Visiting Utility office - Self,Owned,4000,Large,Some what Liberal,13,8,5,18,0,8,17,21,6,13
15-24 ,Generation Z,Male,Malayalam,Kerala,Degree,Student,< 1 Lakhs,700,By Visiting Utility office - Self,Owned,2000,Medium,Some what Liberal,12,13,23,24,22,14,18,25,7,15
25 -39 ,Millennials,Male,Malayalam,Kerala,Post Graduate,Higher Education,5-7.5 lakhs,2000,By Visiting Website - Online/ net banking,Owned,2500,Large,Moderate,14,12,21,18,18,15,15,22,9,18
25 -39 ,Millennials,Male,Malayalam,Kerala,Post Graduate,Student,< 1 Lakhs,900,By Visiting Utility office - Self,Owned,1500,Medium,Moderate,12,12,23,22,11,16,14,19,8,15
25 -39 ,Millennials,Male,Malayalam,Kerala,Post Graduate,Student,2.5 lakhs - 5  lakhs,700,By Visiting Utility office - Self,Owned,1400,Medium,Some what Liberal,17,12,15,22,15,7,10,19,6,14
25 -39 ,Millennials,Female,Malayalam,Kerala,Post Graduate,Student,2.5 lakhs - 5  lakhs,6000,By Visiting Website - Online/ net banking,Owned,1750,Medium,Moderate,16,14,16,21,14,18,17,29,10,19
15-24 ,Generation Z,Male,Malayalam,Kerala,Degree,Student,2.5 lakhs - 5  lakhs,2000,By Visiting Website - Online/ net banking,Owned,4000,Large,Moderate,16,10,15,18,0,16,16,19,6,14
25 -39 ,Millennials,Female,Malayalam,Kerala,Post Graduate,Student,2.5 lakhs - 5  lakhs,1000,NR,Owned,2600,Large,Moderate,11,7,6,18,0,13,16,19,6,14
25 -39 ,Millennials,Male,Malayalam,Kerala,Post Graduate,Student,< 1 Lakhs,900,By Visiting Website - Online/ net banking,Owned,2000,Medium,Very Liberal,12,10,15,14,3,17,19,20,7,15
25 -39 ,Millennials,Male,Malayalam,Kerala,Post Graduate,Student,<2.5 Lakhs,600,By Visiting Website - Online/ net banking,Owned,1600,Medium,Moderate,11,12,15,18,20,16,12,18,6,12
15-24 ,Generation Z,Female,Malayalam,Kerala,Degree,Student,< 1 Lakhs,1200,By Visiting Website - Online/ net banking,Owned,1200,Medium,Moderate,15,12,20,20,13,14,17,24,7,16
15-24 ,Generation Z,Female,Malayalam,Kerala,Degree,Student,< 1 Lakhs,2000,By Visiting Website - Online/ net banking,Owned,1800,Medium,Moderate,16,3,15,18,4,16,18,21,7,13
25 -39 ,Millennials,Female,Malayalam,Kerala,Post Graduate,Student,< 1 Lakhs,1000,NR,Owned,1200,Medium,Moderate,10,11,11,8,0,18,18,21,7,13
15-24 ,Generation Z,Female,Malayalam,Kerala,Degree,Student,< 1 Lakhs,500,By Visiting Website - Online/ net banking,Owned,1800,Medium,Moderate,14,10,15,14,2,10,11,18,6,12
25 -39 ,Millennials,Female,Malayalam,Kerala,Post Graduate,Student,5-7.5 lakhs,2000,By Visiting Utility office - Self,Owned,2177,Medium,Very Liberal,20,11,25,30,22,18,16,29,10,19
15-24 ,Generation Z,Female,Malayalam,Kerala,Degree,Student,5-7.5 lakhs,2300,By Visiting Website - Online/ net banking,Owned,1800,Medium,Moderate,14,12,20,24,22,17,16,23,8,15
25 -39 ,Millennials,Female,Malayalam,Kerala,Post Graduate,Student,< 1 Lakhs,500,By Visiting Website - Online/ net banking,Owned,450,Small,Moderate,14,5,10,13,16,13,12,19,7,14
15-24 ,Generation Z,Female,Malayalam,Kerala,Degree,Student,5-7.5 lakhs,600,NR,Owned,2000,Medium,Some what Liberal,16,8,10,8,11,15,12,19,7,14
15-24 ,Generation Z,Female,Malayalam,Kerala,Degree,Student,< 1 Lakhs,1200,By Visiting Utility office - Self,Owned,1350,Medium,Moderate,11,12,15,23,17,17,14,19,7,13
15-24 ,Generation Z,Female,Malayalam,Kerala,Degree,Student,5-7.5 lakhs,1000,By Visiting Website - Online/ net banking,Owned,6097,Large,Some what Liberal,13,9,10,8,0,12,12,19,7,13
25 -39 ,Millennials,Female,Malayalam,Kerala,Post Graduate,Student,< 1 Lakhs,500,By Visiting Website - Online/ net banking,Owned,650,Small,Very Liberal,5,12,22,19,11,10,8,27,8,15
15-24 ,Generation Z,Male,Malayalam,Kerala,Degree,Student,<2.5 Lakhs,600,By Visiting Utility office - Self,Owned,1230,Medium,Some what Liberal,17,11,20,24,22,18,12,20,6,12
15-24 ,Generation Z,Male,Malayalam,Kerala,Degree,Student,7.5 - 10 Lakhs,2400,NR,Owned,2500,Large,Some what Liberal,14,10,22,21,18,16,16,20,6,13
25 -39 ,Millennials,Male,Malayalam,Kerala,Post Graduate,Student,0- 16000 (BPL- Urban),800,NR,Owned,3500,Large,Some what Liberal,15,11,15,18,0,17,13,18,6,12
15-24 ,Generation Z,Female,Malayalam,Kerala,Degree,Student,5-7.5 lakhs,5000,By Visiting Website - Online/ net banking,Owned,2200,Medium,Some what Liberal,13,11,15,18,0,18,13,18,6,12
15-24 ,Generation Z,Female,Malayalam,Kerala,Degree,Student,< 1 Lakhs,600,By Visiting Website - Online/ net banking,Owned,1000,Medium,Moderate,9,14,15,16,12,14,15,19,9,18
25 -39 ,Millennials,Male,Malayalam,Kerala,Post Graduate,Student,<2.5 Lakhs,600,By Visiting Utility office - Self,Owned,2300,Medium,Some what Liberal,13,10,6,8,0,6,15,19,9,18
25 -39 ,Millennials,Male,Malayalam,Kerala,Post Graduate,Student,< 1 Lakhs,600,NR,Owned,900,Small,Some what Liberal,14,10,6,8,0,8,15,19,9,18
25 -39 ,Millennials,Male,Malayalam,Kerala,Post Graduate,Student,<2.5 Lakhs,600,By Visiting Utility office - Self,Owned,950,Small,Some what Liberal,13,10,5,8,0,6,15,19,9,18
25 -39 ,Millennials,Female,Malayalam,Kerala,Post Graduate,Student,< 1 Lakhs,5000,By Visiting Utility office - Self,Owned,6000,Large,Very Liberal,12,7,18,17,22,18,12,20,7,14
15-24 ,Generation Z,Male,Malayalam,Kerala,Degree,Student;Higher Education,<2.5 Lakhs,1000,By Visiting Website - Online/ net banking,Owned,1000,Medium,Some what Liberal,12,9,17,13,9,18,15,16,7,15
15-24 ,Generation Z,Male,Malayalam,Kerala,Degree,Student,7.5 - 10 Lakhs,500,By Visiting Website - Online/ net banking,Owned,1200,Medium,Moderate,14,14,18,12,16,12,18,21,7,14
25 -39 ,Millennials,Male,Malayalam,Kerala,Post Graduate,Student,< 1 Lakhs,700,By Visiting Website - Online/ net banking,Owned,1600,Medium,Some what Liberal,9,11,7,7,0,15,18,21,7,14
25 -39 ,Millennials,Female,Malayalam,Kerala,Post Graduate,Student,<2.5 Lakhs,1000,By Visiting Utility office - Self,Owned,2000,Medium,Moderate,13,10,15,18,0,9,13,18,6,12
15-24 ,Generation Z,Male,Malayalam,Kerala,Degree,Student,< 1 Lakhs,900,By Visiting Utility office - Self,Owned,2400,Medium,Some what Liberal,13,14,15,19,20,18,18,21,6,14
25 -39 ,Millennials,Male,Malayalam,Kerala,Post Graduate,Student,< 1 Lakhs,1000,By Visiting Website - Online/ net banking,Owned,900,Small,Some what Liberal,12,9,15,9,9,10,12,18,6,12
25 -39 ,Millennials,Male,Malayalam,Kerala,Post Graduate,Student,2.5 lakhs - 5  lakhs,300,By Visiting Website - Online/ net banking,Owned,2800,Large,Very Liberal,12,13,25,29,22,18,18,30,10,20
25 -39 ,Millennials,Female,Malayalam,Kerala,Post Graduate,Student,< 1 Lakhs,600,By Visiting Utility office - Self,Owned,1350,Medium,Some what Liberal,7,9,7,8,0,14,17,30,10,20
25 -39 ,Millennials,Female,Malayalam,Kerala,Post Graduate,Student,<2.5 Lakhs,1800,By Visiting Website - Online/ net banking,Owned,2100,Medium,Moderate,15,10,15,16,0,14,15,22,8,15
15-24 ,Generation Z,Female,Malayalam,Kerala,Degree,Student,5-7.5 lakhs,2100,By Visiting Website - Online/ net banking,Owned,1800,Medium,Moderate,16,8,10,12,0,16,12,22,8,15
25 -39 ,Millennials,Male,Malayalam,Kerala,Post Graduate,Student,5-7.5 lakhs,1200,By Visiting Utility office - Self,Owned,2000,Medium,Some what Liberal,17,10,15,20,13,10,11,18,9,12
25 -39 ,Millennials,Male,Malayalam,Kerala,Post Graduate,Student,< 1 Lakhs,800,By Visiting Utility office - Self,Owned,2400,Medium,Moderate,13,12,15,18,0,0,9,18,6,12
25 -39 ,Millennials,Male,Malayalam,Kerala,Post Graduate,Student;Higher Education,2.5 lakhs - 5  lakhs,1000,NR,Owned,2600,Large,Moderate,13,6,15,8,22,18,17,18,6,12
15-24 ,Generation Z,Male,Malayalam,Kerala,Degree,Student,< 1 Lakhs,600,By Visiting Utility office - Self,Owned,800,Small,Very Liberal,11,10,17,19,0,0,9,18,7,13
25 -39 ,Millennials,Female,Malayalam,Kerala,Post Graduate,Student,2.5 lakhs - 5  lakhs,4500,By Visiting Website - Online/ net banking,Owned,3200,Large,Moderate,13,5,15,18,0,9,11,18,6,12
25 -39 ,Millennials,Male,Malayalam,Kerala,Post Graduate,Student;Higher Education,<2.5 Lakhs,2000,By Visiting Website - Online/ net banking,Owned,2000,Medium,Some what Liberal,11,9,5,7,14,11,17,19,5,12
25 -39 ,Millennials,Male,Malayalam,Kerala,Post Graduate,Student,7.5 - 10 Lakhs,1500,By Visiting Website - Online/ net banking,Owned,2500,Large,Some what Liberal,12,10,16,23,13,9,11,20,6,12
25 -39 ,Millennials,Male,Malayalam,Kerala,Post Graduate,Student,5-7.5 lakhs,1200,By Visiting Utility office - Self,Owned,1250,Medium,Moderate,13,11,14,20,15,16,15,23,8,15
25 -39 ,Millennials,Female,Malayalam,Kerala,Post Graduate,Student,0- 16000 (BPL- Urban),1000,By Visiting Website - Online/ net banking,Owned,1990,Medium,Very Liberal,14,13,25,30,22,0,19,30,10,20
15-24 ,Generation Z,Male,Malayalam,Kerala,Degree,Student,< 1 Lakhs,700,By Visiting Website - Online/ net banking,Owned,1000,Medium,Some what Liberal,10,10,6,7,0,16,16,30,10,20
25 -39 ,Millennials,Male,Malayalam,Kerala,Post Graduate,Student,< 1 Lakhs,1000,By Visiting Utility office - Self,Owned,500,Small,Some what Liberal,11,12,16,21,8,16,19,20,8,18
25 -39 ,Millennials,Male,Malayalam,Kerala,Post Graduate,Student,5-7.5 lakhs,900,By Visiting Website - Online/ net banking,Rent,900,Small,Some what Liberal,13,13,15,18,15,18,18,19,6,13
25 -39 ,Millennials,Female,Malayalam,Kerala,Post Graduate,Student,2.5 lakhs - 5  lakhs,750,NR,Rent,1000,Medium,Some what Liberal,8,12,8,8,0,15,18,19,6,13
15-24 ,Generation Z,Male,Malayalam,Kerala,Degree,Student,< 1 Lakhs,1200,NR,Owned,1300,Medium,Some what Liberal,18,7,12,13,0,17,18,19,6,13
15-24 ,Generation Z,Male,Malayalam,Kerala,Degree,Student,7.5 - 10 Lakhs,900,By Visiting Utility office -  Seeks others help,Owned,2000,Medium,Some what Liberal,13,14,10,13,15,16,8,18,6,12
25 -39 ,Millennials,Female,Malayalam,Kerala,Post Graduate,Student,<2.5 Lakhs,1200,By Visiting Website - Online/ net banking,Owned,2500,Large,Moderate,13,10,19,25,22,17,16,22,8,14
15-24 ,Generation Z,Male,Malayalam,Kerala,Degree,Student,2.5 lakhs - 5  lakhs,1300,By Visiting Website - Online/ net banking,Owned,1200,Medium,Moderate,12,13,15,7,18,16,11,24,4,7
25 -39 ,Millennials,Female,Malayalam,Kerala,Post Graduate,Student,< 1 Lakhs,5000,NR,Owned,1200,Medium,Moderate,11,12,8,8,0,16,11,24,4,7
15-24 ,Generation Z,Male,Malayalam,Kerala,Degree,Student,< 1 Lakhs,52000,By Visiting Website - Online/ net banking,Owned,1100,Medium,Some what Liberal,14,11,11,8,2,6,11,19,6,12
25 -39 ,Millennials,Male,Malayalam,Kerala,Post Graduate,Student,< 1 Lakhs,400,NR,Owned,2000,Medium,Very Liberal,17,13,7,8,0,17,11,19,6,12
25 -39 ,Millennials,Male,Malayalam,Kerala,Post Graduate,Student,2.5 lakhs - 5  lakhs,2500,By Visiting Utility office - Self,Rent,980,Small,Moderate,11,9,21,13,16,15,19,20,6,13
15-24 ,Generation Z,Male,Malayalam,Kerala,Degree,Student,< 1 Lakhs,1200,By Visiting Utility office - Self,Rent,1600,Medium,Moderate,16,14,20,24,0,15,13,24,8,15
25 -39 ,Millennials,Male,Malayalam,Kerala,Post Graduate,Student,<2.5 Lakhs,1100,By Visiting Utility office - Self,Owned,3000,Large,Some what Liberal,13,11,16,18,8,17,11,21,8,14
15-24 ,Generation Z,Male,Malayalam,Kerala,Degree,Student,7.5 - 10 Lakhs,2000,By Visiting Utility office - Self,Owned,2000,Medium,Some what Liberal,12,13,15,23,22,11,15,21,7,16
25 -39 ,Millennials,Male,Malayalam,Kerala,Post Graduate,Student,<2.5 Lakhs,1800,By Visiting Website - Online/ net banking,Rent,500,Small,Some what Liberal,13,9,15,18,22,18,12,19,6,12
15-24 ,Generation Z,Male,Malayalam,Kerala,Degree,Student,5-7.5 lakhs,700,By Visiting Website - Online/ net banking,Owned,1200,Medium,Very Liberal,15,13,15,19,14,16,14,19,6,13
25 -39 ,Millennials,Male,Malayalam,Kerala,Post Graduate,Student,<2.5 Lakhs,600,By Visiting Website - Online/ net banking,Owned,1000,Medium,Some what Liberal,14,11,6,17,14,14,17,12,8,17
25 -39 ,Millennials,Male,Malayalam,Kerala,Post Graduate,Student,< 1 Lakhs,200,By Visiting Website - Online/ net banking,Owned,800,Small,Moderate,14,7,5,19,14,14,15,20,7,12
25 -39 ,Millennials,Male,Malayalam,Kerala,Post Graduate,Student,< 1 Lakhs,900,By Visiting Utility office - Self,Owned,7405,Large,Moderate,14,10,15,17,12,16,9,18,5,11
15-24 ,Generation Z,Male,Malayalam,Kerala,Degree,Student,2.5 lakhs - 5  lakhs,250,By Visiting Website - Online/ net banking,Owned,2000,Medium,Some what Liberal,13,11,5,8,12,17,9,18,5,11
25 -39 ,Millennials,Male,Malayalam,Kerala,Post Graduate,Student,< 1 Lakhs,2000,By Visiting Website - Online/ net banking,Owned,1800,Medium,Moderate,17,10,15,18,13,15,12,17,6,10
25 -39 ,Millennials,Male,Malayalam,Kerala,Post Graduate,Student,5-7.5 lakhs,2700,By Visiting Website - Online/ net banking,Owned,4355,Large,Some what Liberal,14,11,18,20,17,18,15,23,7,15
15-24 ,Generation Z,Male,Malayalam,Kerala,Degree,Student,2.5 lakhs - 5  lakhs,1100,NR,Owned,2500,Large,Some what Liberal,14,10,7,7,17,17,17,23,7,15
25 -39 ,Millennials,Female,Malayalam,Karnataka,Post Graduate,Student,5-7.5 lakhs,900,By Visiting Website - Online/ net banking,Rent,1200,Medium,Some what Liberal,12,13,16,18,0,14,11,19,6,12
15-24 ,Generation Z,Female,Malayalam,Kerala,Degree,Student,< 1 Lakhs,1000,By Visiting Utility office - Self,Owned,750,Small,Some what Liberal,9,10,17,16,10,14,16,18,6,12
15-24 ,Generation Z,Male,Malayalam,Kerala,Degree,Student,< 1 Lakhs,1000,By Visiting Website - Online/ net banking,Owned,950,Small,Very Liberal,15,7,15,18,19,10,13,18,6,12
25 -39 ,Millennials,Female,Malayalam,Kerala,Post Graduate,Student,< 1 Lakhs,1000,By Visiting Website - Online/ net banking,Owned,2000,Medium,Some what Liberal,13,10,15,18,10,0,19,24,6,13
25 -39 ,Millennials,Male,Malayalam,Kerala,Post Graduate,Student,<2.5 Lakhs,900,By Visiting Website - Online/ net banking,Owned,1500,Medium,Moderate,12,6,8,14,10,14,11,18,6,12
25 -39 ,Millennials,Male,Malayalam,Kerala,Post Graduate,Student,< 1 Lakhs,1000,By Visiting Utility office - Self,Owned,1500,Medium,Some what Liberal,17,11,15,19,12,15,17,21,7,15
25 -39 ,Millennials,Male,Malayalam,Kerala,Post Graduate,Student,< 1 Lakhs,800,By Visiting Website - Online/ net banking,Owned,2400,Medium,Some what Liberal,13,11,15,12,17,13,13,21,8,16
15-24 ,Generation Z,Male,Malayalam,Kerala,Degree,Student,< 1 Lakhs,1250,By Visiting Website - Online/ net banking,Owned,1359,Medium,Moderate,11,5,19,18,11,9,11,18,6,12
15-24 ,Generation Z,Male,Malayalam,Kerala,Degree,Student,< 1 Lakhs,800,NR,Owned,2500,Large,Moderate,10,10,15,15,0,13,9,18,6,12
25 -39 ,Millennials,Male,Malayalam,Kerala,Post Graduate,Student,Above 10 lakhs,2500,By Visiting Website - Online/ net banking,Owned,1200,Medium,Moderate,14,11,15,23,0,16,9,18,6,12
25 -39 ,Millennials,Female,Malayalam,Kerala,Degree,Employed (Govt. Sector and private),<2.5 Lakhs,1300,By Visiting Utility office - Self,Owned,1900,Medium,Some what Liberal,16,8,5,18,6,7,10,18,5,11
15-24 ,Generation Z,Female,Malayalam,Kerala,Degree,Higher Education,0- 16000 (BPL- Urban),2000,By Visiting Website - Online/ net banking,Owned,500,Small,Very Liberal,13,11,11,20,17,14,12,22,6,13
15-24 ,Generation Z,Male,Malayalam,Kerala,Degree,Student,< 1 Lakhs,600,By Visiting Website - Online/ net banking,Owned,900,Small,Moderate,20,12,15,14,0,2,10,22,6,13
25 -39 ,Millennials,Female,Malayalam,Kerala,Post Graduate,Student,<2.5 Lakhs,1300,By Visiting Utility office - Self,Owned,1400,Medium,Some what Liberal,16,8,17,18,9,6,11,18,8,12
25 -39 ,Millennials,Male,Malayalam,Kerala,Degree,Employed (Govt. Sector and private),<2.5 Lakhs,1300,By Visiting Utility office - Self,Owned,1900,Medium,Very Liberal,15,5,17,19,4,4,10,22,5,11
25 -39 ,Millennials,Male,Malayalam,Kerala,Post Graduate,Student,< 1 Lakhs,1000,By Visiting Utility office - Self,Owned,1500,Medium,Some what Liberal,15,12,15,18,22,14,16,24,10,20
25 -39 ,Millennials,Female,Malayalam,Kerala,Post Graduate,Student,< 1 Lakhs,900,By Visiting Website - Online/ net banking,Rent,1200,Medium,Moderate,14,10,15,18,12,15,11,18,6,12
25 -39 ,Millennials,Female,Malayalam,Kerala,Post Graduate,Student;Employed (Govt. Sector and private),< 1 Lakhs,1300,By Visiting Website - Online/ net banking,Owned,650,Small,Moderate,14,9,15,17,15,14,18,30,9,17
15-24 ,Generation Z,Male,Malayalam,Kerala,Degree,Student,0- 16000 (BPL- Urban),900,By Visiting Utility office - Self,Owned,1200,Medium,Moderate,9,9,15,14,13,14,18,24,7,14
15-24 ,Generation Z,Female,Malayalam,Kerala,Degree,Student,2.5 lakhs - 5  lakhs,800,By Visiting Website - Online/ net banking,Owned,2100,Medium,Moderate,20,6,15,18,0,18,13,22,9,16
25 -39 ,Millennials,Male,Malayalam,Kerala,Post Graduate,Student,2.5 lakhs - 5  lakhs,2000,By Visiting Website - Online/ net banking,Owned,2000,Medium,Very Liberal,12,10,23,18,0,12,11,18,8,15
15-24 ,Generation Z,Female,Malayalam,Kerala,Degree,Student,<2.5 Lakhs,3000,By Visiting Website - Online/ net banking,Owned,2700,Large,Some what Liberal,16,12,18,21,22,15,6,18,7,12
25 -39 ,Millennials,Male,Malayalam,Kerala,Post Graduate,Student,7.5 - 10 Lakhs,5000,By Visiting Website - Online/ net banking,Owned,2600,Large,Some what Liberal,17,4,17,19,11,5,8,20,8,13
25 -39 ,Millennials,Female,Malayalam,Kerala,Post Graduate,Student,< 1 Lakhs,750,NR,Owned,1500,Medium,Moderate,13,7,15,19,0,13,11,18,6,12
25 -39 ,Millennials,Male,Malayalam,Kerala,Post Graduate,Student,5-7.5 lakhs,2000,By Visiting Website - Online/ net banking,Owned,2500,Large,Some what Liberal,16,9,17,22,15,12,9,19,7,11
15-24 ,Generation Z,Female,Malayalam,Kerala,Degree,Student,< 1 Lakhs,1000,By Visiting Website - Online/ net banking,Owned,1100,Medium,Some what Liberal,11,11,15,16,0,16,13,18,6,12
15-24 ,Generation Z,Female,Malayalam,Kerala,Degree,Student,< 1 Lakhs,2600,By Visiting Website - Online/ net banking,Owned,2800,Large,Moderate,21,12,13,17,22,15,17,28,10,18
15-24 ,Generation Z,Female,Malayalam,Kerala,Degree,Student,< 1 Lakhs,750,NR,Owned,800,Small,Moderate,20,11,8,8,22,17,17,28,10,18
25 -39 ,Millennials,Female,Malayalam,Kerala,Post Graduate,Student,<2.5 Lakhs,1300,By Visiting Website - Online/ net banking,Owned,1200,Medium,Moderate,12,12,5,7,4,17,16,8,6,12
15-24 ,Generation Z,Female,Malayalam,Kerala,Degree,Student,<2.5 Lakhs,3000,By Visiting Website - Online/ net banking,Owned,2800,Large,Some what Liberal,15,12,16,20,0,5,12,8,6,12
25 -39 ,Millennials,Male,Malayalam,Kerala,Post Graduate,Student,< 1 Lakhs,600,By Visiting Utility office -  Seeks others help,Owned,2000,Medium,Very Liberal,17,8,5,19,0,12,11,18,6,12
25 -39 ,Millennials,Male,Malayalam,Kerala,Post Graduate,Student,0- 16000 (BPL- Urban),900,By Visiting Utility office - Self,Owned,945,Small,Moderate,12,9,16,15,11,15,19,21,4,13
25 -39 ,Millennials,Female,Malayalam,Kerala,Post Graduate,Student,<2.5 Lakhs,1100,By Visiting Website - Online/ net banking,Owned,1400,Medium,Moderate,12,5,16,17,11,14,19,21,4,13
25 -39 ,Millennials,Male,Malayalam,Kerala,Post Graduate,Student,< 1 Lakhs,2000,By Visiting Website - Online/ net banking,Rent,750,Small,Very Liberal,13,10,10,11,0,12,13,13,4,10
25 -39 ,Millennials,Male,Malayalam,Kerala,Post Graduate,Student,<2.5 Lakhs,3000,By Visiting Website - Online/ net banking,Owned,2000,Medium,Some what Liberal,15,8,5,8,0,17,13,17,4,8
25 -39 ,Millennials,Male,Malayalam,Kerala,Post Graduate,Student,< 1 Lakhs,500,By Visiting Website - Online/ net banking,Owned,1700,Medium,Moderate,10,10,14,20,14,18,8,21,7,12
15-24 ,Generation Z,Male,Malayalam,Kerala,Degree,Student,2.5 lakhs - 5  lakhs,500,By Visiting Utility office - Self,Owned,900,Small,Moderate,16,13,15,18,2,0,10,18,6,12
15-24 ,Generation Z,Male,Malayalam,Kerala,Degree,Student,7.5 - 10 Lakhs,900,By Visiting Website - Online/ net banking,Owned,2200,Medium,Moderate,16,8,16,24,20,18,15,20,8,15
15-24 ,Generation Z,Female,Malayalam,Kerala,Degree,Student,<2.5 Lakhs,1800,By Visiting Utility office - Self,Owned,2000,Medium,Moderate,13,7,15,18,0,0,8,18,6,12
15-24 ,Generation Z,Male,Malayalam,Kerala,Degree,Student,0- 16000 (BPL- Urban),1200,By Visiting Website - Online/ net banking,Owned,8720,Large,Very Liberal,7,13,14,14,11,14,12,20,7,13
15-24 ,Generation Z,Male,Malayalam,Kerala,Degree,Student,< 1 Lakhs,850,By Visiting Website - Online/ net banking,Owned,5662,Large,Moderate,17,12,20,24,14,16,14,23,8,16
25 -39 ,Millennials,Female,Malayalam,Kerala,Post Graduate,Student,< 1 Lakhs,1000,By Visiting Website - Online/ net banking,Owned,1400,Medium,Moderate,10,10,20,18,19,17,15,18,8,15
25 -39 ,Millennials,Male,Malayalam,Kerala,Post Graduate,Student,0- 16000 (BPL- Urban),1500,By Visiting Website - Online/ net banking,Owned,2500,Large,Very Liberal,14,9,15,18,0,18,14,21,6,14
15-24 ,Generation Z,Male,Malayalam,Kerala,Degree,Student,<2.5 Lakhs,1000,By Visiting Website - Online/ net banking,Owned,1500,Medium,Some what Liberal,14,10,19,13,19,16,6,16,6,10
15-24 ,Generation Z,Male,Malayalam,Kerala,Degree,Student,7.5 - 10 Lakhs,1500,By Visiting Utility office - Self,Owned,2000,Medium,Moderate,13,10,10,19,17,16,16,21,8,15
25 -39 ,Millennials,Male,Malayalam,Kerala,Post Graduate,Student,< 1 Lakhs,650,By Visiting Website - Online/ net banking,Owned,1050,Medium,Very Liberal,15,8,25,30,18,18,17,30,10,20
15-24 ,Generation Z,Male,Malayalam,Kerala,Degree,Student,< 1 Lakhs,1500,By Visiting Website - Online/ net banking,Owned,1200,Medium,Very Liberal,14,9,14,12,13,10,8,14,6,11
25 -39 ,Millennials,Male,Malayalam,Kerala,Post Graduate,Student,2.5 lakhs - 5  lakhs,1200,By Visiting Website - Online/ net banking,Owned,3500,Large,Some what Liberal,11,9,20,13,18,16,14,28,9,18
25 -39 ,Millennials,Female,Malayalam,Kerala,Post Graduate,Student,< 1 Lakhs,1000,By Visiting Utility office - Self,Owned,2500,Large,Some what Liberal,10,9,14,18,21,16,17,18,7,15
25 -39 ,Millennials,Male,Malayalam,Kerala,Post Graduate,Student,< 1 Lakhs,1500,By Visiting Website - Online/ net banking,Rent,1200,Medium,Very Liberal,12,12,18,18,20,17,15,23,8,15
25 -39 ,Millennials,Male,Malayalam,Kerala,Post Graduate,Student,< 1 Lakhs,400,By Visiting Utility office - Self,Owned,1000,Medium,Very Liberal,14,13,13,27,22,15,17,22,8,15
25 -39 ,Millennials,Male,Malayalam,Kerala,Post Graduate,Student,< 1 Lakhs,900,By Visiting Website - Online/ net banking,Owned,900,Small,Some what Liberal,16,12,9,7,22,14,15,12,8,12
15-24 ,Generation Z,Male,Malayalam,Kerala,Degree,Student,< 1 Lakhs,1000,By Visiting Utility office - Self,Owned,3045,Large,Some what Liberal,17,10,15,18,11,14,16,19,8,15
25 -39 ,Millennials,Male,Malayalam,Kerala,Post Graduate,Student,< 1 Lakhs,2000,By Visiting Utility office -  Seeks others help,Owned,2500,Large,Moderate,10,5,15,18,0,9,16,18,6,12
15-24 ,Generation Z,Male,Malayalam,Kerala,Degree,Student,< 1 Lakhs,600,By Visiting Website - Online/ net banking,Owned,1500,Medium,Very Liberal,17,10,15,19,20,18,12,18,6,12
15-24 ,Generation Z,Female,Malayalam,Kerala,Degree,Student,5-7.5 lakhs,1000,By Visiting Website - Online/ net banking,Owned,2300,Medium,Moderate,13,11,15,18,15,14,5,16,6,10
15-24 ,Generation Z,Female,Malayalam,Kerala,Degree,Student,5-7.5 lakhs,1200,By Visiting Utility office - Self,Owned,1900,Medium,Some what Liberal,15,10,20,24,12,15,19,21,7,15
15-24 ,Generation Z,Female,Malayalam,Kerala,Degree,Student,<2.5 Lakhs,700,By Visiting Website - Online/ net banking,Owned,2000,Medium,Some what Liberal,14,8,19,23,13,12,17,21,9,16
15-24 ,Generation Z,Female,Malayalam,Kerala,Degree,Student,< 1 Lakhs,1000,By Visiting Website - Online/ net banking,Owned,2178,Medium,Very Liberal,13,12,15,18,19,13,16,18,6,12
15-24 ,Generation Z,Male,Malayalam,Kerala,Degree,Student,5-7.5 lakhs,800,By Visiting Website - Online/ net banking,Owned,8000,Large,Very Liberal,17,10,25,30,22,18,17,19,7,14
15-24 ,Generation Z,Female,Malayalam,Kerala,Degree,Student,< 1 Lakhs,900,By Visiting Website - Online/ net banking,Owned,1200,Medium,Some what Liberal,13,12,16,16,18,18,13,24,8,16
15-24 ,Generation Z,Female,Malayalam,Kerala,Degree,Student,< 1 Lakhs,800,By Visiting Website - Online/ net banking,Owned,1000,Medium,Some what Liberal,15,6,20,20,18,15,16,23,8,16
25 -39 ,Millennials,Male,Malayalam,Kerala,Post Graduate,Student,7.5 - 10 Lakhs,700,By Visiting Website - Online/ net banking,Owned,1200,Medium,Moderate,15,7,14,16,16,14,16,28,10,18
25 -39 ,Millennials,Male,Malayalam,Kerala,Post Graduate,Student,< 1 Lakhs,1500,By Visiting Website - Online/ net banking,Owned,2500,Large,Moderate,13,6,14,12,15,17,17,23,9,17
25 -39 ,Millennials,Male,Malayalam,Kerala,Post Graduate,Student,< 1 Lakhs,2500,By Visiting Website - Online/ net banking,Owned,2500,Large,Moderate,14,10,14,15,16,16,15,25,6,15
25 -39 ,Millennials,Male,Malayalam,Kerala,Post Graduate,Student,7.5 - 10 Lakhs,2000,By Visiting Website - Online/ net banking,Owned,2000,Medium,Very Liberal,12,9,13,19,17,15,12,18,9,17
15-24 ,Generation Z,Male,Malayalam,Kerala,Degree,Student,0- 16000 (BPL- Urban),4000,By Visiting Utility office - Self,Owned,1700,Medium,Some what Liberal,14,13,20,25,20,17,6,25,9,17
25 -39 ,Millennials,Male,Malayalam,Kerala,Post Graduate,Student,< 1 Lakhs,1500,By Visiting Utility office -  Seeks others help,Owned,4000,Large,Moderate,11,11,16,22,14,15,17,22,8,16
25 -39 ,Millennials,Male,Malayalam,Kerala,Post Graduate,Student,< 1 Lakhs,250,By Visiting Website - Online/ net banking,Owned,4000,Large,Some what Liberal,11,11,18,19,19,18,17,22,7,14
15-24 ,Generation Z,Male,Malayalam,Kerala,Degree,Student,0- 16000 (BPL- Urban),850,By Visiting Utility office - Self,Owned,1375,Medium,Moderate,12,8,15,18,3,16,14,18,6,12
25 -39 ,Millennials,Male,Malayalam,Kerala,Post Graduate,Employed (Govt. Sector and private),< 1 Lakhs,1500,By Visiting Utility office - Self,Owned,2500,Large,Moderate,14,10,17,22,0,12,15,26,8,16
25 -39 ,Millennials,Male,Hindi,Uttar Pradesh,Post Graduate,Research Scholar,<2.5 Lakhs,1600,By Visiting Website - Online/ net banking,Owned,900,Small,Very Liberal,15,13,25,27,20,17,17,30,10,20
25 -39 ,Millennials,Male,Hindi,Delhi,Doctoral and Higher,Research Scholar,<2.5 Lakhs,500,By Visiting Utility office - Self,Rent,1100,Medium,Moderate,14,11,12,22,22,16,15,22,8,16
25 -39 ,Millennials,Male,Sarazi dialect,Jammu and Kashmir,Post Graduate,Research Scholar,2.5 lakhs - 5  lakhs,850,By Visiting Website - Online/ net banking,Owned,1000,Medium,Very Liberal,16,13,5,24,13,6,12,19,8,16
15-24 ,Generation Z,Female,Hindi,Delhi,Degree,Student,5-7.5 lakhs,1800,By Visiting Website - Online/ net banking,Owned,2700,Large,Moderate,14,12,11,14,16,15,12,18,6,12
15-24 ,Generation Z,Male,Hindi,Delhi,Degree,Student,7.5 - 10 Lakhs,8000,By Visiting Website - Online/ net banking,Owned,2400,Medium,Some what Liberal,11,13,15,18,18,14,14,19,6,13
25 -39 ,Millennials,Male,Assamese,Assam,Doctoral and Higher,Employed (Govt. Sector and private),7.5 - 10 Lakhs,6000,By Visiting Website - Online/ net banking,Owned,5000,Large,Moderate,17,13,5,10,22,18,19,30,10,20
25 -39 ,Millennials,Male,Assamese,Assam,Doctoral and Higher,Employed (Govt. Sector and private),7.5 - 10 Lakhs,5000,By Visiting Website - Online/ net banking,Owned,1500,Medium,Some what Liberal,16,11,15,20,22,12,15,24,6,14
25 -39 ,Millennials,Male,Telugu,Andhra Pradesh,Post Graduate,Student,7.5 - 10 Lakhs,500,By Visiting Utility office - Self,Owned,1000,Medium,Very Liberal,13,13,13,16,10,18,17,24,8,16
25 -39 ,Millennials,Male,Hindi,Uttar Pradesh,Post Graduate,Student,7.5 - 10 Lakhs,2000,By Visiting Utility office - Self,Rent,1000,Medium,Some what Liberal,15,11,5,6,19,18,14,21,6,13
25 -39 ,Millennials,Male,Telugu,Andhra Pradesh,Doctoral and Higher,Student,< 1 Lakhs,1200,By Visiting Utility office - Self,Owned,3000,Large,Some what Liberal,11,13,25,22,13,16,6,25,7,15
25 -39 ,Millennials,Male,Telugu,Andhra Pradesh,Post Graduate,Higher Education,7.5 - 10 Lakhs,1200,By Visiting Website - Online/ net banking,Owned,800,Small,Moderate,9,11,12,12,18,17,18,24,6,13
15-24 ,Generation Z,Male,Hindi,Rajasthan,Degree,Higher Education,2.5 lakhs - 5  lakhs,2500,By Visiting Website - Online/ net banking,Owned,750,Small,Moderate,15,13,20,21,18,18,9,20,8,15
15-24 ,Generation Z,Male,Hindi,Rajasthan,Post Graduate,Student,< 1 Lakhs,650,By Visiting Website - Online/ net banking,Owned,3600,Large,Moderate,13,13,5,7,11,14,15,17,9,18
15-24 ,Generation Z,Male,Hindi,Delhi,Post Graduate,Research Scholar,2.5 lakhs - 5  lakhs,1500,By Visiting Utility office - Self,Rent,225,Small,Very Liberal,17,8,9,12,11,12,18,23,6,13
15-24 ,Generation Z,Male,Hindi,Uttar Pradesh,Degree,Student,< 1 Lakhs,700,By Visiting Website - Online/ net banking,Owned,5000,Large,Moderate,13,7,12,7,20,12,18,25,7,15
25 -39 ,Millennials,Male,Hindi,Haryana,Doctoral and Higher,Research Scholar,<2.5 Lakhs,500,By Visiting Utility office - Self,Owned,750,Small,Moderate,14,12,5,11,3,14,12,19,10,19
25 -39 ,Millennials,Female,Malayalam,Kerala,Post Graduate,Student,< 1 Lakhs,5000,By Visiting Utility office - Self,Owned,1500,Medium,Very Liberal,21,9,25,29,22,18,13,29,10,19
15-24 ,Generation Z,Male,Hindi,Uttarakhand,Degree,Student,7.5 - 10 Lakhs,750,By Visiting Utility office - Self,Rent,1200,Medium,Some what Liberal,13,9,19,26,13,12,8,22,10,13
15-24 ,Generation Z,Male,Hindi,Uttar Pradesh,Degree,Student,< 1 Lakhs,150,By Visiting Website - Online/ net banking,Rent,750,Small,Moderate,12,11,14,21,13,9,15,20,8,13
15-24 ,Generation Z,Male,Hindi,Uttar Pradesh,Degree,Student,<2.5 Lakhs,1000,By Visiting Website - Online/ net banking,Rent,3000,Large,Very Liberal,17,7,18,24,5,4,8,21,8,18
15-24 ,Generation Z,Male,Hindi,Bihar,Degree,Student;Higher Education,<2.5 Lakhs,2000,By Visiting Website - Online/ net banking,Rent,200,Small,Some what Liberal,19,13,21,26,10,17,9,20,9,14
15-24 ,Generation Z,Male,Hindi,Uttarakhand,Degree,Student,< 1 Lakhs,3500,By Visiting Website - Online/ net banking,Owned,1500,Medium,Moderate,13,10,15,18,12,9,9,19,7,14
15-24 ,Generation Z,Male,Hindi,Bihar,Degree,Student,< 1 Lakhs,400,By Visiting Utility office - Self,Rent,100,Small,Moderate,20,9,19,24,22,18,7,21,8,13
15-24 ,Generation Z,Male,Hindi,Uttarakhand,Degree,Student,<2.5 Lakhs,1000,By Visiting Website - Online/ net banking,Owned,1200,Medium,Moderate,18,12,18,19,17,18,10,21,6,13
15-24 ,Generation Z,Male,Hindi,Uttar Pradesh,Degree,Student,2.5 lakhs - 5  lakhs,1500,By Visiting Website - Online/ net banking,Owned,1500,Medium,Moderate,13,12,18,19,22,14,12,18,6,12
15-24 ,Generation Z,Male,Hindi,Uttar Pradesh,Degree,Student,0- 16000 (BPL- Urban),300,By Visiting Utility office - Self,Owned,80,Small,Moderate,16,10,12,23,16,18,10,20,10,18
15-24 ,Generation Z,Male,Hindi,Uttar Pradesh,Degree,Student,< 1 Lakhs,1300,By Visiting Utility office -  Seeks others help,Owned,1400,Medium,Very Liberal,16,8,25,30,20,18,17,26,8,16
15-24 ,Generation Z,Female,Hindi,Uttar Pradesh,Degree,Student,<2.5 Lakhs,3000,By Visiting Utility office - Self,Rent,650,Small,Very Liberal,13,9,17,22,13,16,12,20,7,13
25 -39 ,Millennials,Male,Hindi,Delhi,Degree,Student,2.5 lakhs - 5  lakhs,200,By Visiting Website - Online/ net banking,Rent,500,Small,Moderate,14,12,15,18,16,14,16,20,8,15
15-24 ,Generation Z,Female,Hindi,Uttar Pradesh,Degree,Student,<2.5 Lakhs,1200,By Visiting Utility office - Self,Owned,700,Small,Moderate,15,7,13,15,4,5,9,18,6,13
25 -39 ,Millennials,Male,Hindi,Haryana,Post Graduate,Student,5-7.5 lakhs,1500,By Visiting Website - Online/ net banking,Owned,720,Small,Very Liberal,10,9,14,18,0,13,15,20,6,14
15-24 ,Generation Z,Male,Hindi,Jharkhand,Degree,Student,<2.5 Lakhs,700,By Visiting Website - Online/ net banking,Rent,450,Small,Some what Liberal,7,12,18,22,12,14,19,24,8,17
15-24 ,Generation Z,Male,Hindi,Bihar,Degree,Student,2.5 lakhs - 5  lakhs,400,NR,Rent,500,Small,Very Liberal,15,12,5,18,22,18,17,21,5,15
15-24 ,Generation Z,Male,Hindi,Uttar Pradesh,Degree,Student,<2.5 Lakhs,1000,By Visiting Website - Online/ net banking,Owned,500,Small,Moderate,12,11,18,21,0,8,18,20,8,15
15-24 ,Generation Z,Male,Hindi,Uttar Pradesh,Post Graduate,Student,<2.5 Lakhs,1500,By Visiting Utility office -  Seeks others help,Owned,500,Small,Very Liberal,12,8,16,15,17,11,11,13,5,12
25 -39 ,Millennials,Male,Hindi,Uttarakhand,Post Graduate,Student,Above 10 lakhs,2000,By Visiting Utility office - Self,Owned,1200,Medium,Moderate,11,5,5,13,13,18,14,17,6,10
15-24 ,Generation Z,Male,Telugu,Andhra Pradesh,Degree,Student,0- 16000 (BPL- Urban),100,By Visiting Website - Online/ net banking,Rent,220,Small,Very Liberal,13,13,25,30,22,18,19,29,10,19
15-24 ,Generation Z,Male,Telugu,Andhra Pradesh,Degree,Student,< 1 Lakhs,500,By Visiting Website - Online/ net banking,Owned,700,Small,Very Liberal,12,13,15,18,15,18,8,18,6,12
15-24 ,Generation Z,Male,Hindi,Uttar Pradesh,Degree,Student,2.5 lakhs - 5  lakhs,900,By Visiting Website - Online/ net banking,Owned,630,Small,Some what Liberal,15,12,15,22,8,14,11,18,6,12
15-24 ,Generation Z,Male,Hindi,Uttar Pradesh,Post Graduate,Student,< 1 Lakhs,400,By Visiting Website - Online/ net banking,Owned,1000,Medium,Very Liberal,20,11,22,28,22,18,15,29,10,19
15-24 ,Generation Z,Male,Hindi,Uttarakhand,Degree,Student,2.5 lakhs - 5  lakhs,1500,By Visiting Website - Online/ net banking,Owned,1000,Medium,Moderate,15,12,17,21,20,14,13,21,8,15
15-24 ,Generation Z,Female,Hindi,Uttarakhand,Degree,Student,2.5 lakhs - 5  lakhs,1500,By Visiting Utility office - Self,Rent,1200,Medium,Very Liberal,16,11,16,21,7,12,10,19,8,13
25 -39 ,Millennials,Male,Hindi,Uttarakhand,Post Graduate,Student,< 1 Lakhs,4000,By Visiting Website - Online/ net banking,Owned,700,Small,Some what Liberal,14,13,13,13,19,18,17,18,7,13
15-24 ,Generation Z,Male,Hindi,Uttar Pradesh,Degree,Student,<2.5 Lakhs,1200,By Visiting Utility office - Self,Owned,1360,Medium,Moderate,18,13,24,28,22,18,7,19,9,15
15-24 ,Generation Z,Male,Bhojpuri,Bihar,Degree,Student,2.5 lakhs - 5  lakhs,500,By Visiting Utility office - Self,Rent,1360,Medium,Moderate,17,13,18,27,17,15,12,23,8,14
15-24 ,Generation Z,Male,Hindi,Uttarakhand,Degree,Student,2.5 lakhs - 5  lakhs,1500,By Visiting Website - Online/ net banking,Rent,2000,Medium,Moderate,11,6,20,12,18,17,18,24,8,16
15-24 ,Generation Z,Male,Telugu,Andhra Pradesh,Post Graduate,Student,< 1 Lakhs,200,By Visiting Utility office - Self,Owned,220,Small,Unchanging,11,8,14,19,18,9,11,18,6,13
15-24 ,Generation Z,Male,Hindi,Uttarakhand,Degree,Student,< 1 Lakhs,2000,By Visiting Utility office - Self,Rent,800,Small,Moderate,12,12,15,8,20,18,19,28,6,12
15-24 ,Generation Z,Male,Hindi,Uttarakhand,Degree,Student,<2.5 Lakhs,2000,By Visiting Utility office - Self,Owned,3000,Large,Moderate,12,13,15,20,22,12,16,20,6,13
15-24 ,Generation Z,Male,Hindi,Rajasthan,Degree,Student,0- 16000 (BPL- Urban),450,By Visiting Website - Online/ net banking,Owned,400,Small,Moderate,14,11,22,19,20,1,19,30,10,20
15-24 ,Generation Z,Male,Telugu,Andhra Pradesh,Degree,Student,5-7.5 lakhs,700,By Visiting Website - Online/ net banking,Rent,1600,Medium,Moderate,10,10,19,14,12,18,17,21,8,15
15-24 ,Generation Z,Male,Hindi,Uttarakhand,Degree,Self Employed and Business,2.5 lakhs - 5  lakhs,2000,By Visiting Utility office - Self,Owned,800,Small,Moderate,15,13,18,22,13,15,15,19,6,11
15-24 ,Generation Z,Male,Hindi,Uttarakhand,Degree,Student,<2.5 Lakhs,1500,By Visiting Website - Online/ net banking,Rent,1000,Medium,Moderate,12,5,12,13,5,16,19,23,7,15
15-24 ,Generation Z,Male,Hindi,Uttarakhand,Degree,Student,5-7.5 lakhs,1200,By Visiting Website - Online/ net banking,Owned,700,Small,Moderate,18,10,19,25,15,15,16,25,8,17
15-24 ,Generation Z,Female,Hindi,Uttarakhand,Degree,Student,< 1 Lakhs,2000,NR,Rent,600,Small,Some what Liberal,13,11,16,20,21,18,16,24,9,18
15-24 ,Generation Z,Male,Hindi,Uttarakhand,Degree,Student,<2.5 Lakhs,1000,By Visiting Website - Online/ net banking,Owned,750,Small,Moderate,16,12,15,18,17,18,14,18,6,12
15-24 ,Generation Z,Male,Hindi,Uttarakhand,Degree,Student,2.5 lakhs - 5  lakhs,5000,By Visiting Utility office - Self,Owned,1400,Medium,Moderate,13,12,12,24,14,18,11,22,10,17
15-24 ,Generation Z,Male,Hindi,Uttar Pradesh,Degree,Student,< 1 Lakhs,1000,By Visiting Utility office - Self,Owned,750,Small,Moderate,15,12,7,15,20,15,9,16,6,10
15-24 ,Generation Z,Male,Hindi,Uttar Pradesh,Degree,Student,2.5 lakhs - 5  lakhs,150,By Visiting Utility office - Self,Rent,500,Small,Very Liberal,13,13,18,19,22,18,14,21,7,13
15-24 ,Generation Z,Female,Hindi,Uttar Pradesh,Degree,Student,5-7.5 lakhs,2500,By Visiting Utility office - Self,Owned,450,Small,Moderate,9,7,6,6,4,18,11,19,9,15
15-24 ,Generation Z,Male,Telugu,Telangana,Degree,Student,< 1 Lakhs,4000,By Visiting Website - Online/ net banking,Owned,1000,Medium,Moderate,21,11,18,26,10,18,17,22,7,14
25 -39 ,Millennials,Female,Hindi,Uttarakhand,Post Graduate,Student,2.5 lakhs - 5  lakhs,2000,By Visiting Utility office - Self,Owned,3000,Large,Some what Liberal,14,6,15,12,17,18,10,18,6,12
15-24 ,Generation Z,Female,Hindi,Uttarakhand,Degree,Student,< 1 Lakhs,2000,By Visiting Website - Online/ net banking,Owned,2000,Medium,Moderate,12,8,16,21,12,15,14,18,7,13
15-24 ,Generation Z,Male,Hindi,Bihar,Degree,Student,2.5 lakhs - 5  lakhs,1700,NR,Owned,2400,Medium,Some what Liberal,13,12,15,18,22,18,12,18,6,12
15-24 ,Generation Z,Male,Telugu,Telangana,Degree,Student,2.5 lakhs - 5  lakhs,450,By Visiting Website - Online/ net banking,Owned,800,Small,Moderate,11,12,15,14,17,18,17,20,7,14
25 -39 ,Millennials,Female,Hindi,Uttar Pradesh,Post Graduate,Student,2.5 lakhs - 5  lakhs,4000,NR,Owned,6700,Large,Moderate,13,12,20,18,17,16,13,21,8,15
15-24 ,Generation Z,Female,Hindi,Uttarakhand,Degree,Student,7.5 - 10 Lakhs,20000,By Visiting Website - Online/ net banking,Owned,1800,Medium,Very Liberal,13,11,22,28,17,18,19,30,10,20
15-24 ,Generation Z,Female,Hindi,Uttarakhand,Degree,Student,<2.5 Lakhs,2500,By Visiting Utility office - Self,Owned,1000,Medium,Very Liberal,16,7,19,21,22,15,19,28,9,18
15-24 ,Generation Z,Male,Hindi,Uttarakhand,Degree,Student,2.5 lakhs - 5  lakhs,800,By Visiting Utility office - Self,Owned,2400,Medium,Some what Liberal,12,7,20,8,22,14,16,19,7,14
15-24 ,Generation Z,Male,Telugu,Andhra Pradesh,Degree,Student,<2.5 Lakhs,1500,By Visiting Utility office - Self,Owned,1000,Medium,Moderate,14,7,13,20,22,16,9,16,7,13
25 -39 ,Millennials,Male,Hindi,Uttar Pradesh,Post Graduate,Student,<2.5 Lakhs,1500,By Visiting Utility office - Self,Owned,2000,Medium,Moderate,14,9,16,19,10,17,7,20,7,14
25 -39 ,Millennials,Male,Dogri pahri,Jammu and Kashmir,Post Graduate,Student,0- 16000 (BPL- Urban),300,By Visiting Website - Online/ net banking,Owned,345,Small,Unchanging,16,9,10,23,10,17,7,20,7,14
15-24 ,Generation Z,Male,Hindi,Rajasthan,Post Graduate,Student,<2.5 Lakhs,450,By Visiting Utility office - Self,Owned,6000,Large,Moderate,18,13,19,21,18,18,16,22,9,17
25 -39 ,Millennials,Male,Kashmiri ,Jammu and Kashmir,Post Graduate,Research Scholar,7.5 - 10 Lakhs,500,By Visiting Website - Online/ net banking,Owned,1200,Medium,Very Liberal,11,10,11,16,17,14,18,28,10,16
25 -39 ,Millennials,Male,Hindi,Uttar Pradesh,Post Graduate,Student,Above 10 lakhs,3500,By Visiting Website - Online/ net banking,Owned,10000,Large,Moderate,10,13,16,29,17,18,7,18,10,18
25 -39 ,Millennials,Male,Hindi,Uttarakhand,Post Graduate,Student,5-7.5 lakhs,5000,By Visiting Utility office -  Seeks others help,Owned,1000,Medium,Very Liberal,16,11,19,18,17,13,16,24,8,15
15-24 ,Generation Z,Male,Hindi,Uttarakhand,Degree,Student,< 1 Lakhs,2000,By Visiting Website - Online/ net banking,Owned,2400,Medium,Moderate,19,5,5,7,20,17,19,30,10,20
15-24 ,Generation Z,Male,Hindi,Uttarakhand,Degree,Student,0- 16000 (BPL- Urban),5000,By Visiting Website - Online/ net banking,Owned,1500,Medium,Moderate,18,10,15,23,12,15,13,19,6,12
15-24 ,Generation Z,Male,Hindi,Uttar Pradesh,Degree,Student,<2.5 Lakhs,2000,By Visiting Utility office - Self,Owned,2000,Medium,Moderate,18,13,8,22,18,14,16,30,10,20
15-24 ,Generation Z,Male,Hindi,Uttarakhand,Degree,Student,< 1 Lakhs,4500,By Visiting Utility office - Self,Owned,900,Small,Moderate,10,12,16,21,17,15,14,22,3,9
15-24 ,Generation Z,Male,Hindi,Uttarakhand,Degree,Student,< 1 Lakhs,850,By Visiting Website - Online/ net banking,Owned,2000,Medium,Moderate,13,10,15,8,20,17,18,30,10,20
15-24 ,Generation Z,Male,Hindi,Uttarakhand,Degree,Student,< 1 Lakhs,4900,By Visiting Utility office - Self,Owned,1200,Medium,Moderate,10,12,20,24,18,14,18,24,9,18
15-24 ,Generation Z,Male,Hindi,Uttarakhand,Degree,Student;Employed (Govt. Sector and private),< 1 Lakhs,500,By Visiting Utility office - Self,Owned,1500,Medium,Moderate,15,13,5,18,12,17,11,18,6,14
25 -39 ,Millennials,Male,Hindi,Uttarakhand,Post Graduate,Higher Education,< 1 Lakhs,900,By Visiting Website - Online/ net banking,Owned,1200,Medium,Some what Liberal,14,8,5,21,12,16,17,30,10,20
25 -39 ,Millennials,Male,Hindi,Uttarakhand,Post Graduate,Student,< 1 Lakhs,1000,By Visiting Utility office - Self,Owned,1850,Medium,Moderate,9,10,20,27,12,10,15,20,6,12
25 -39 ,Millennials,Male,Hindi,Uttarakhand,Post Graduate,Student,2.5 lakhs - 5  lakhs,3000,By Visiting Website - Online/ net banking,Owned,3000,Large,Moderate,9,12,25,30,22,18,8,22,10,16
25 -39 ,Millennials,Male,Hindi,Uttarakhand,Post Graduate,Student,2.5 lakhs - 5  lakhs,750,By Visiting Utility office - Self,Rent,1300,Medium,Moderate,13,6,15,21,11,12,8,18,5,11
25 -39 ,Millennials,Female,Hindi,Uttarakhand,Post Graduate,Student,Above 10 lakhs,30000,NR,Rent,100,Small,Moderate,15,8,17,21,0,9,11,21,6,13
15-24 ,Generation Z,Female,Hindi,Uttarakhand,Degree,Student,0- 16000 (BPL- Urban),900,By Visiting Utility office - Self,Rent,100,Small,Very Liberal,14,9,15,15,14,16,15,16,6,13
15-24 ,Generation Z,Male,Hindi,Uttar Pradesh,Degree,Student,2.5 lakhs - 5  lakhs,1200,By Visiting Website - Online/ net banking,Owned,13068,Large,Moderate,11,13,19,21,22,17,16,21,8,13
25 -39 ,Millennials,Male,Hindi,Uttar Pradesh,Doctoral and Higher,Research Scholar,< 1 Lakhs,1000,By Visiting Website - Online/ net banking,Owned,700,Small,Moderate,14,10,15,13,19,14,15,20,6,13
25 -39 ,Millennials,Male,Hindi,Rajasthan,Post Graduate,Student,Above 10 lakhs,3000,By Visiting Website - Online/ net banking,Owned,1000,Medium,Some what Liberal,13,7,5,7,20,13,19,24,8,17
25 -39 ,Millennials,Male,Hindi,Bihar,Post Graduate,Student,2.5 lakhs - 5  lakhs,2000,By Visiting Website - Online/ net banking,Owned,670,Small,Moderate,14,12,21,22,21,16,19,26,8,14
15-24 ,Generation Z,Male,Marathi,Maharashtra,Degree,Student,< 1 Lakhs,1000,By Visiting Website - Online/ net banking,Owned,2500,Large,Moderate,15,10,17,22,8,13,11,19,7,11
25 -39 ,Millennials,Male,Hindi,Uttar Pradesh,Post Graduate,Student,<2.5 Lakhs,2500,By Visiting Website - Online/ net banking,Owned,1000,Medium,Very Liberal,13,2,15,6,18,16,16,29,6,13
25 -39 ,Millennials,Male,Telugu,Telangana,Post Graduate,Student,Above 10 lakhs,1400,By Visiting Website - Online/ net banking,Rent,2500,Large,Some what Liberal,13,8,15,12,0,14,18,19,6,13
15-24 ,Generation Z,Male,Bhojpuri,Jharkhand,Degree,Student,Above 10 lakhs,1000,By Visiting Website - Online/ net banking,Rent,1850,Medium,Some what Liberal,17,6,19,15,19,12,16,21,7,15
15-24 ,Generation Z,Male,Hindi,Uttar Pradesh,Degree,Student,7.5 - 10 Lakhs,2500,By Visiting Utility office - Self,Rent,2000,Medium,Some what Liberal,16,14,20,13,22,11,19,30,10,20
15-24 ,Generation Z,Male,Hindi,Bihar,Degree,Student,7.5 - 10 Lakhs,1000,By Visiting Website - Online/ net banking,Owned,1600,Medium,Some what Liberal,18,6,19,6,15,7,19,19,6,12
15-24 ,Generation Z,Male,Hindi,Bihar,Degree,Student,2.5 lakhs - 5  lakhs,500,By Visiting Website - Online/ net banking,Rent,800,Small,Moderate,14,2,5,8,11,12,18,18,6,12
25 -39 ,Millennials,Male,Hindi,Uttar Pradesh,Post Graduate,Student,7.5 - 10 Lakhs,2600,By Visiting Website - Online/ net banking,Owned,2000,Medium,Very Liberal,12,9,14,14,12,9,12,18,6,12
25 -39 ,Millennials,Male,Hindi,Uttar Pradesh,Post Graduate,Student,7.5 - 10 Lakhs,3000,By Visiting Website - Online/ net banking,Owned,2000,Medium,Some what Liberal,13,11,16,12,12,14,18,25,8,17
15-24 ,Generation Z,Male,Hindi,Uttar Pradesh,Degree,Student,5-7.5 lakhs,1300,By Visiting Website - Online/ net banking,Owned,1350,Medium,Moderate,13,7,10,13,14,12,16,20,8,17
25 -39 ,Millennials,Male,Hindi,Jharkhand,Post Graduate,Student,2.5 lakhs - 5  lakhs,1000,By Visiting Utility office - Self,Owned,5000,Large,Some what Liberal,17,10,18,10,16,18,19,12,6,12
15-24 ,Generation Z,Male,Hindi,Madhya Pradesh,Degree,Student,5-7.5 lakhs,1500,By Visiting Website - Online/ net banking,Owned,1200,Medium,Very Liberal,18,12,20,18,6,18,19,25,10,20
25 -39 ,Millennials,Male,Hindi,Bihar,Post Graduate,Student,2.5 lakhs - 5  lakhs,1500,By Visiting Utility office -  Seeks others help,Owned,1200,Medium,Moderate,12,13,17,19,20,11,19,25,9,19
15-24 ,Generation Z,Male,Hindi,Haryana,Degree,Student,2.5 lakhs - 5  lakhs,750,By Visiting Utility office - Self,Owned,890,Small,Some what Liberal,12,8,10,19,14,12,6,17,6,10
25 -39 ,Millennials,Male,Tamil,Tamil Nadu,Post Graduate,Student;Higher Education,2.5 lakhs - 5  lakhs,1000,By Visiting Website - Online/ net banking,Rent,900,Small,Some what Liberal,15,11,18,22,18,9,17,27,8,18
15-24 ,Generation Z,Male,Hindi,Rajasthan,Degree,Student,<2.5 Lakhs,1500,By Visiting Website - Online/ net banking,Owned,1070,Medium,Moderate,18,12,19,24,13,14,15,24,9,17
25 -39 ,Millennials,Male,Punjabi,Jammu and Kashmir,Post Graduate,Student,5-7.5 lakhs,1400,By Visiting Utility office - Self,Owned,3000,Large,Moderate,11,3,4,15,13,16,14,29,9,17
15-24 ,Generation Z,Male,Telugu,Telangana,Degree,Student,7.5 - 10 Lakhs,260,By Visiting Website - Online/ net banking,Owned,5000,Large,Moderate,13,12,16,20,20,16,15,29,9,17
25 -39 ,Millennials,Male,Hindi,Rajasthan,Post Graduate,Student,2.5 lakhs - 5  lakhs,1100,By Visiting Website - Online/ net banking,Rent,2000,Medium,Moderate,16,12,18,19,6,14,17,29,9,17
25 -39 ,Millennials,Male,Kannada,Karnataka,Post Graduate,Student,Above 10 lakhs,1000,By Visiting Website - Online/ net banking,Owned,2400,Medium,Moderate,13,5,11,6,17,13,12,24,10,19
15-24 ,Generation Z,Male,Gujarati ,Gujarat,Degree,Student,< 1 Lakhs,380,By Visiting Website - Online/ net banking,Owned,4356,Large,Very Liberal,12,10,25,24,17,14,18,25,10,19
25 -39 ,Millennials,Male,Hindi,Delhi,Post Graduate,Student;Higher Education,5-7.5 lakhs,300,By Visiting Utility office - Self,Owned,250,Small,Very Liberal,15,12,15,18,16,18,19,28,10,20
15-24 ,Generation Z,Male,Hindi,Uttar Pradesh,Degree,Student,5-7.5 lakhs,3000,By Visiting Website - Online/ net banking,Owned,200,Small,Moderate,13,8,5,8,13,17,17,22,7,15
15-24 ,Generation Z,Male,Hindi,Bihar,Degree,Student;Higher Education,<2.5 Lakhs,700,By Visiting Website - Online/ net banking,Owned,1296,Medium,Some what Liberal,13,4,5,19,13,15,19,22,7,15
15-24 ,Generation Z,Male,Marwadi,Rajasthan,Post Graduate,Student,5-7.5 lakhs,500,By Visiting Utility office -  Seeks others help,Rent,250,Small,Some what Liberal,14,9,7,8,13,10,19,22,7,15
15-24 ,Generation Z,Male,Hindi,Rajasthan,Degree,Student,5-7.5 lakhs,3000,By Visiting Website - Online/ net banking,Owned,1000,Medium,Some what Liberal,14,10,9,13,8,17,19,14,7,14
25 -39 ,Millennials,Male,Hindi,Madhya Pradesh,Post Graduate,Student,< 1 Lakhs,1100,By Visiting Utility office - Self,Owned,1500,Medium,Moderate,14,9,15,11,20,11,19,20,6,13
15-24 ,Generation Z,Male,Hindi,Delhi,Degree,Student,2.5 lakhs - 5  lakhs,3000,By Visiting Website - Online/ net banking,Owned,1000,Medium,Moderate,11,4,5,7,17,17,13,22,6,12
15-24 ,Generation Z,Male,Hindi,Uttar Pradesh,Degree,Student,7.5 - 10 Lakhs,16000,By Visiting Website - Online/ net banking,Owned,2600,Large,Some what Liberal,14,4,9,10,17,9,19,23,10,19
15-24 ,Generation Z,Male,Hindi,Uttar Pradesh,Degree,Student,5-7.5 lakhs,1500,By Visiting Website - Online/ net banking,Owned,1000,Medium,Moderate,11,8,25,17,17,10,6,18,6,12
15-24 ,Generation Z,Male,Hindi,Rajasthan,Degree,Student,Above 10 lakhs,4500,By Visiting Website - Online/ net banking,Owned,1200,Medium,Some what Liberal,13,13,11,20,17,14,16,19,6,12
25 -39 ,Millennials,Male,Hindi,Delhi,Post Graduate,Student,2.5 lakhs - 5  lakhs,200,By Visiting Website - Online/ net banking,Owned,100,Small,Moderate,16,8,15,18,7,15,13,19,7,12
25 -39 ,Millennials,Male,Hindi,Uttarakhand,Post Graduate,Student,< 1 Lakhs,1000,By Visiting Website - Online/ net banking,Owned,1000,Medium,Moderate,16,13,18,24,20,18,11,26,9,16
15-24 ,Generation Z,Male,Hindi,Uttarakhand,Degree,Student,5-7.5 lakhs,3000,By Visiting Utility office - Self,Owned,200,Small,Very Liberal,13,5,17,21,11,6,11,20,7,13
15-24 ,Generation Z,Male,Hindi,Uttarakhand,Degree,Student,2.5 lakhs - 5  lakhs,700,By Visiting Utility office - Self,Owned,1000,Medium,Moderate,11,12,10,12,17,14,11,20,4,11
15-24 ,Generation Z,Male,Hindi,Uttarakhand,Degree,Higher Education,< 1 Lakhs,1200,By Visiting Website - Online/ net banking,Owned,1900,Medium,Moderate,21,14,21,26,18,18,7,26,10,16
25 -39 ,Millennials,Male,Hindi,Uttarakhand,Post Graduate,Student,0- 16000 (BPL- Urban),800,By Visiting Website - Online/ net banking,Owned,500,Small,Moderate,5,12,10,24,22,18,17,23,9,16
15-24 ,Generation Z,Male,Hindi,Uttarakhand,Degree,Student,< 1 Lakhs,1000,By Visiting Utility office - Self,Owned,1500,Medium,Moderate,10,13,21,26,19,13,7,18,10,20
25 -39 ,Millennials,Male,Hindi,Uttarakhand,Post Graduate,Employed (Govt. Sector and private),5-7.5 lakhs,1000,By Visiting Website - Online/ net banking,Owned,250,Small,Moderate,12,5,10,12,20,16,18,23,6,14
15-24 ,Generation Z,Male,Hindi,Uttarakhand,Degree,Student,7.5 - 10 Lakhs,300,By Visiting Utility office -  Seeks others help,Rent,400,Small,Moderate,12,8,15,18,10,18,12,18,6,12
15-24 ,Generation Z,Male,English,Uttarakhand,Degree,Student,< 1 Lakhs,1500,By Visiting Website - Online/ net banking,Rent,1900,Medium,Moderate,17,9,15,10,18,15,11,28,10,18
15-24 ,Generation Z,Male,Hindi,Uttarakhand,Degree,Student,< 1 Lakhs,800,By Visiting Utility office - Self,Rent,100,Small,Very Liberal,21,14,25,30,22,18,15,30,10,20
15-24 ,Generation Z,Female,Hindi,Uttarakhand,Degree,Student,< 1 Lakhs,1000,By Visiting Utility office - Self,Rent,300,Small,Moderate,11,13,15,19,22,18,11,18,6,12
15-24 ,Generation Z,Male,Hindi,Uttarakhand,Degree,Student,< 1 Lakhs,800,By Visiting Website - Online/ net banking,Owned,1000,Medium,Some what Liberal,21,13,25,30,22,18,18,30,10,20
15-24 ,Generation Z,Male,Hindi,Uttarakhand,Degree,Student,2.5 lakhs - 5  lakhs,1500,By Visiting Utility office - Self,Owned,2000,Medium,Some what Liberal,21,13,10,8,16,18,18,25,8,16
15-24 ,Generation Z,Male,Hindi,Uttarakhand,Degree,Student,< 1 Lakhs,1500,By Visiting Website - Online/ net banking,Owned,400,Small,Moderate,18,14,16,22,20,12,13,19,6,13
15-24 ,Generation Z,Male,Hindi,Uttarakhand,Degree,Student,< 1 Lakhs,1500,By Visiting Utility office - Self,Owned,1000,Medium,Moderate,14,8,5,8,0,18,10,18,6,12
15-24 ,Generation Z,Male,Hindi,Uttarakhand,Degree,Student,<2.5 Lakhs,2000,By Visiting Utility office -  Seeks others help,Owned,2000,Medium,Moderate,9,9,15,15,15,18,14,18,6,12
15-24 ,Generation Z,Male,Hindi,Uttarakhand,Degree,Student,< 1 Lakhs,1000,By Visiting Website - Online/ net banking,Owned,1300,Medium,Moderate,15,13,20,24,22,18,9,21,8,13
15-24 ,Generation Z,Male,Awadhi,Uttarakhand,Degree,Student,5-7.5 lakhs,1200,By Visiting Website - Online/ net banking,Owned,1100,Medium,Moderate,12,13,20,24,20,15,19,27,10,20
25 -39 ,Millennials,Male,Hindi,Uttarakhand,Post Graduate,Student,Above 10 lakhs,1000,By Visiting Website - Online/ net banking,Owned,2000,Medium,Very Liberal,7,11,10,12,16,18,19,27,8,18
25 -39 ,Millennials,Male,Hindi,Uttarakhand,Post Graduate,Student,< 1 Lakhs,700,By Visiting Website - Online/ net banking,Rent,500,Small,Moderate,6,11,20,24,22,18,10,8,2,6
15-24 ,Generation Z,Male,Hindi,Uttarakhand,Degree,Student,< 1 Lakhs,800,By Visiting Website - Online/ net banking,Owned,900,Small,Some what Liberal,15,7,10,14,21,17,18,30,8,18
25 -39 ,Millennials,Male,Hindi,Uttarakhand,Post Graduate,Higher Education,7.5 - 10 Lakhs,850,By Visiting Website - Online/ net banking,Owned,1000,Medium,Moderate,11,11,15,6,22,16,18,20,10,19
15-24 ,Generation Z,Male,Hindi,Uttarakhand,Degree,Student,< 1 Lakhs,500,By Visiting Website - Online/ net banking,Owned,3000,Large,Moderate,21,12,24,24,22,18,11,18,7,13
25 -39 ,Millennials,Male,Hindi,Uttarakhand,Post Graduate,Student,<2.5 Lakhs,3400,By Visiting Website - Online/ net banking,Owned,500,Small,Very Liberal,12,14,20,22,21,18,19,27,8,18
15-24 ,Generation Z,Male,Hindi,Uttarakhand,Degree,Student,<2.5 Lakhs,500,By Visiting Website - Online/ net banking,Owned,2000,Medium,Moderate,13,14,20,24,22,18,15,22,8,14
15-24 ,Generation Z,Male,Hindi,Uttarakhand,Degree,Student,<2.5 Lakhs,1500,By Visiting Utility office - Self,Owned,1800,Medium,Some what Liberal,12,11,12,17,19,18,13,19,6,13
25 -39 ,Millennials,Female,Hindi,Uttarakhand,Post Graduate,Student;Higher Education,2.5 lakhs - 5  lakhs,1700,By Visiting Website - Online/ net banking,Owned,1500,Medium,Moderate,10,12,20,18,14,14,18,24,7,15
25 -39 ,Millennials,Male,Hindi,Uttarakhand,Post Graduate,Student,< 1 Lakhs,700,By Visiting Utility office - Self,Rent,500,Small,Moderate,7,11,20,24,22,18,12,23,8,15
25 -39 ,Millennials,Male,Hindi,Uttar Pradesh,Post Graduate,Student;Higher Education,< 1 Lakhs,1000,By Visiting Website - Online/ net banking,Rent,1500,Medium,Very Liberal,14,13,20,24,22,18,12,23,8,15
15-24 ,Generation Z,Male,Hindi,Uttarakhand,Degree,Student,< 1 Lakhs,500,By Visiting Utility office - Self,Owned,300,Small,Very Liberal,12,13,12,13,20,14,9,16,4,8
25 -39 ,Millennials,Male,Hindi,Uttarakhand,Post Graduate,Student,5-7.5 lakhs,2500,By Visiting Utility office - Self,Owned,2000,Medium,Moderate,15,8,6,16,17,11,13,22,7,14
25 -39 ,Millennials,Male,Hindi,Uttarakhand,Post Graduate,Student,5-7.5 lakhs,2000,By Visiting Utility office - Self,Rent,1000,Medium,Very Liberal,17,9,15,8,14,18,17,18,8,15
25 -39 ,Millennials,Male,Hindi,Uttarakhand,Post Graduate,Student;Higher Education,Above 10 lakhs,5000,By Visiting Website - Online/ net banking,Owned,2250,Medium,Moderate,14,13,25,29,18,18,19,30,9,19
25 -39 ,Millennials,Male,Hindi,Madhya Pradesh,Post Graduate,Student,0- 16000 (BPL- Urban),1000,By Visiting Website - Online/ net banking,Rent,150,Small,Moderate,12,2,5,8,20,18,19,24,6,15
15-24 ,Generation Z,Male,Hindi,Uttarakhand,Degree,Student,0- 16000 (BPL- Urban),3000,By Visiting Utility office - Self,Owned,576,Small,Moderate,11,11,17,19,14,14,19,24,6,15
25 -39 ,Millennials,Male,Hindi,Uttarakhand,Post Graduate,Student,2.5 lakhs - 5  lakhs,1600,By Visiting Website - Online/ net banking,Owned,7000,Large,Moderate,13,9,7,8,14,15,19,24,6,15
25 -39 ,Millennials,Male,Hindi,Uttarakhand,Post Graduate,Student,< 1 Lakhs,1500,By Visiting Website - Online/ net banking,Owned,6000,Large,Moderate,13,9,7,8,14,15,19,24,6,15
15-24 ,Generation Z,Male,Bhojpuri,Uttarakhand,Degree,Student,< 1 Lakhs,100,By Visiting Utility office -  Seeks others help,Owned,10000,Large,Moderate,13,6,10,13,11,9,13,13,8,13
15-24 ,Generation Z,Male,Hindi,Uttarakhand,Degree,Student,<2.5 Lakhs,1200,By Visiting Utility office - Self,Owned,199,Small,Moderate,15,11,15,18,21,18,12,18,6,12
15-24 ,Generation Z,Male,Hindi,Uttarakhand,Degree,Student,2.5 lakhs - 5  lakhs,1200,By Visiting Website - Online/ net banking,Owned,3000,Large,Very Liberal,13,12,12,16,22,11,10,21,6,14
25 -39 ,Millennials,Female,Hindi,Uttarakhand,Post Graduate,Student,0- 16000 (BPL- Urban),3000,By Visiting Website - Online/ net banking,Owned,2250,Medium,Very Liberal,13,9,19,24,14,16,9,19,6,12
25 -39 ,Millennials,Male,Hindi,Uttarakhand,Post Graduate,Student,0- 16000 (BPL- Urban),2000,By Visiting Website - Online/ net banking,Owned,378,Small,Very Liberal,13,9,17,24,14,18,11,18,6,12
15-24 ,Generation Z,Male,Hindi,Uttarakhand,Degree,Student,< 1 Lakhs,2000,By Visiting Utility office - Self,Owned,1000,Medium,Moderate,16,11,18,12,12,10,15,20,8,16
15-24 ,Generation Z,Male,Hindi,Uttarakhand,Degree,Student,< 1 Lakhs,500,By Visiting Utility office - Self,Owned,900,Small,Some what Liberal,21,13,25,30,22,18,13,30,10,20
15-24 ,Generation Z,Male,Hindi,Uttarakhand,Degree,Student,<2.5 Lakhs,2500,By Visiting Website - Online/ net banking,Owned,2000,Medium,Some what Liberal,16,13,20,22,21,18,19,30,10,20
25 -39 ,Millennials,Male,Hindi,Uttarakhand,Post Graduate,Student,<2.5 Lakhs,600,By Visiting Utility office - Self,Rent,270,Small,Some what Liberal,12,13,10,15,22,18,17,24,8,16
15-24 ,Generation Z,Male,Hindi,Uttarakhand,Degree,Student,<2.5 Lakhs,700,By Visiting Website - Online/ net banking,Owned,250,Small,Moderate,12,12,21,28,16,18,14,23,4,11
15-24 ,Generation Z,Male,Hindi,Uttarakhand,Degree,Student,5-7.5 lakhs,1400,By Visiting Website - Online/ net banking,Owned,1000,Medium,Some what Liberal,20,5,8,6,20,0,10,25,10,20
25 -39 ,Millennials,Male,Hindi,Jammu and Kashmir,Post Graduate,Student,0- 16000 (BPL- Urban),250,By Visiting Utility office - Self,Owned,120,Small,Moderate,13,11,15,19,9,8,7,16,4,9
25 -39 ,Millennials,Female,Hindi,Uttarakhand,Post Graduate,Student,<2.5 Lakhs,700,By Visiting Utility office - Self,Owned,250,Small,Moderate,10,14,25,21,22,18,13,19,8,15
25 -39 ,Millennials,Male,Hindi,Uttarakhand,Post Graduate,Student,< 1 Lakhs,2500,By Visiting Utility office -  Seeks others help,Owned,900,Small,Moderate,13,6,13,15,13,9,9,18,6,11
25 -39 ,Millennials,Male,Hindi,Uttarakhand,Post Graduate,Student,< 1 Lakhs,1000,By Visiting Website - Online/ net banking,Rent,2000,Medium,Very Liberal,11,13,10,19,16,11,9,17,5,10
15-24 ,Generation Z,Male,Hindi,Uttarakhand,Degree,Student,0- 16000 (BPL- Urban),400,By Visiting Utility office - Self,Owned,400,Small,Very Liberal,15,6,25,13,15,13,7,19,5,10
25 -39 ,Millennials,Male,Hindi,Uttarakhand,Post Graduate,Student,5-7.5 lakhs,5000,By Visiting Website - Online/ net banking,Owned,1800,Medium,Very Liberal,11,11,11,8,15,16,7,19,5,10
25 -39 ,Millennials,Male,Hindi,Uttarakhand,Degree,Student,< 1 Lakhs,400,By Visiting Website - Online/ net banking,Owned,100,Small,Moderate,17,12,5,20,17,14,15,19,6,13
15-24 ,Generation Z,Male,Hindi,Uttarakhand,Degree,Student;Higher Education,0- 16000 (BPL- Urban),1280,By Visiting Website - Online/ net banking,Owned,350,Small,Moderate,18,14,22,30,22,18,10,18,4,8
15-24 ,Generation Z,Male,Hindi,Uttarakhand,Degree,Student;Higher Education,<2.5 Lakhs,1500,By Visiting Utility office - Self,Owned,400,Small,Moderate,13,13,18,10,20,14,17,29,10,20
15-24 ,Generation Z,Male,Hindi,Uttarakhand,Degree,Student,< 1 Lakhs,450,By Visiting Utility office - Self,Owned,1300,Medium,Some what Liberal,14,11,12,8,20,16,17,29,10,20
25 -39 ,Millennials,Male,Hindi,Uttarakhand,Post Graduate,Student,2.5 lakhs - 5  lakhs,1700,By Visiting Website - Online/ net banking,Owned,7000,Large,Some what Liberal,12,3,20,9,15,11,10,18,6,12
15-24 ,Generation Z,Male,Hindi,Uttarakhand,Degree,Student;Higher Education,< 1 Lakhs,300,By Visiting Website - Online/ net banking,Owned,200,Small,Moderate,11,13,15,18,22,18,7,16,6,10
15-24 ,Generation Z,Male,Hindi,Uttarakhand,Degree,Higher Education,2.5 lakhs - 5  lakhs,1000,By Visiting Website - Online/ net banking,Rent,10000,Large,Moderate,15,9,5,20,13,12,10,16,4,8
15-24 ,Generation Z,Male,Hindi,Jammu and Kashmir,Degree,Student,0- 16000 (BPL- Urban),120,By Visiting Utility office - Self,Owned,10000,Large,Moderate,13,12,17,21,19,14,13,21,8,15
15-24 ,Generation Z,Male,Garhwali ,Uttarakhand,Degree,Student,0- 16000 (BPL- Urban),300,By Visiting Website - Online/ net banking,Owned,100,Small,Some what Liberal,13,14,24,19,13,18,13,21,8,16
15-24 ,Generation Z,Male,Hindi,Madhya Pradesh,Degree,Student,Above 10 lakhs,800,By Visiting Website - Online/ net banking,Owned,100,Small,Some what Liberal,14,3,7,6,13,13,16,22,9,17
25 -39 ,Millennials,Male,Hindi,Rajasthan,Post Graduate,Student,2.5 lakhs - 5  lakhs,2000,By Visiting Website - Online/ net banking,Owned,350,Small,Very Liberal,15,3,19,18,9,18,18,22,9,17
15-24 ,Generation Z,Male,Hindi,Madhya Pradesh,Degree,Student,2.5 lakhs - 5  lakhs,3000,By Visiting Website - Online/ net banking,Owned,750,Small,Moderate,11,14,5,10,20,18,19,21,10,20
15-24 ,Generation Z,Male,Hindi,Uttar Pradesh,Degree,Student,5-7.5 lakhs,2000,By Visiting Website - Online/ net banking,Owned,600,Small,Moderate,12,7,6,17,20,18,19,21,10,20
25 -39 ,Millennials,Male,Hindi,Uttar Pradesh,Post Graduate,Student,< 1 Lakhs,1500,By Visiting Website - Online/ net banking,Owned,270,Small,Some what Liberal,17,9,5,6,22,18,7,6,2,4
25 -39 ,Millennials,Male,Hindi,Rajasthan,Post Graduate,Student;Higher Education,< 1 Lakhs,1000,By Visiting Utility office - Self,Owned,1600,Medium,Moderate,15,10,9,13,22,0,17,19,7,13
15-24 ,Generation Z,Male,Hindi,Uttar Pradesh,Degree,Student,Above 10 lakhs,7500,By Visiting Website - Online/ net banking,Owned,4000,Large,Very Liberal,16,11,15,17,22,18,13,22,7,15
15-24 ,Generation Z,Male,Hindi,Uttarakhand,Degree,Student,Above 10 lakhs,2000,By Visiting Website - Online/ net banking,Owned,1200,Medium,Moderate,13,12,5,8,18,16,17,25,9,19
15-24 ,Generation Z,Male,Hindi,Uttar Pradesh,Degree,Student,Above 10 lakhs,13000,By Visiting Website - Online/ net banking,Owned,300,Small,Some what Liberal,14,10,20,15,16,15,18,22,10,19
25 -39 ,Millennials,Male,Telugu,Telangana,Post Graduate,Student,< 1 Lakhs,900,By Visiting Utility office - Self,Owned,90,Small,Some what Liberal,14,10,20,21,11,13,17,23,8,17
25 -39 ,Millennials,Female,Hindi,Rajasthan,Post Graduate,Student,Above 10 lakhs,20000,By Visiting Website - Online/ net banking,Owned,2100,Medium,Moderate,10,13,15,7,17,16,16,29,10,20
25 -39 ,Millennials,Female,Hindi,Uttar Pradesh,Post Graduate,Student,< 1 Lakhs,500,By Visiting Website - Online/ net banking,Owned,2600,Large,Some what Liberal,11,10,14,15,9,13,18,14,4,11
15-24 ,Generation Z,Male,Hindi,Uttar Pradesh,Degree,Student;Higher Education;Self Employed and Business,< 1 Lakhs,600,By Visiting Utility office - Self,Owned,700,Small,Moderate,16,7,19,24,12,17,11,24,8,16
15-24 ,Generation Z,Female,Hindi,Uttar Pradesh,Degree,Student,7.5 - 10 Lakhs,2500,By Visiting Utility office -  Seeks others help,Owned,120,Small,Moderate,15,12,22,21,20,16,12,26,6,14
15-24 ,Generation Z,Male,Hindi,Uttar Pradesh,Degree,Student,5-7.5 lakhs,3000,By Visiting Website - Online/ net banking,Rent,1500,Medium,Very Liberal,13,10,18,19,18,18,18,24,7,13
15-24 ,Generation Z,Male,Hindi,Uttar Pradesh,Degree,Student,< 1 Lakhs,7000,By Visiting Website - Online/ net banking,Owned,6000,Large,Very Liberal,13,11,15,18,17,18,17,18,6,12
25 -39 ,Millennials,Male,Hindi,Uttar Pradesh,Post Graduate,Student,0- 16000 (BPL- Urban),2000,By Visiting Website - Online/ net banking,Rent,100,Small,Very Liberal,14,10,15,8,22,17,17,25,8,18
15-24 ,Generation Z,Male,Hindi,Uttar Pradesh,Degree,Student,Above 10 lakhs,10000,By Visiting Website - Online/ net banking,Owned,3100,Large,Some what Liberal,9,10,15,18,22,18,9,18,6,12
25 -39 ,Millennials,Male,Hindi,Uttar Pradesh,Post Graduate,Employed (Govt. Sector and private),<2.5 Lakhs,1500,By Visiting Website - Online/ net banking,Rent,1000,Medium,Moderate,7,9,10,12,9,11,11,15,3,8
15-24 ,Generation Z,Female,Hindi,Uttar Pradesh,Degree,Student,< 1 Lakhs,5000,By Visiting Website - Online/ net banking,Owned,500,Small,Moderate,12,10,10,7,0,13,18,19,6,12
25 -39 ,Millennials,Female,Hindi,Uttar Pradesh,Post Graduate,Student,2.5 lakhs - 5  lakhs,25000,By Visiting Website - Online/ net banking,Owned,300,Small,Moderate,12,12,15,18,0,15,17,20,6,13
25 -39 ,Millennials,Female,Hindi,Uttar Pradesh,Post Graduate,Student,7.5 - 10 Lakhs,3000,By Visiting Website - Online/ net banking,Owned,1200,Medium,Some what Liberal,13,12,15,18,11,16,11,18,6,12
15-24 ,Generation Z,Female,Hindi,Uttar Pradesh,Degree,Student,5-7.5 lakhs,2500,By Visiting Utility office -  Seeks others help,Owned,700,Small,Some what Liberal,14,8,15,18,20,18,15,23,8,15
25 -39 ,Millennials,Male,Hindi,Uttar Pradesh,Post Graduate,Student,0- 16000 (BPL- Urban),2000,By Visiting Utility office -  Seeks others help,Owned,2699,Large,Unchanging,9,10,15,18,10,10,12,18,6,12
25 -39 ,Millennials,Male,Hindi,Uttar Pradesh,Post Graduate,Student;Higher Education,< 1 Lakhs,450,By Visiting Website - Online/ net banking,Owned,100,Small,Moderate,13,8,15,18,10,16,16,18,6,12
15-24 ,Generation Z,Male,English,Uttar Pradesh,Degree,Student,< 1 Lakhs,2500,By Visiting Website - Online/ net banking,Rent,200,Small,Moderate,16,11,22,24,19,16,12,24,9,18
25 -39 ,Millennials,Male,Hindi,Uttar Pradesh,Post Graduate,Student,2.5 lakhs - 5  lakhs,1500,By Visiting Website - Online/ net banking,Owned,750,Small,Moderate,12,9,16,23,15,18,17,18,6,12
15-24 ,Generation Z,Male,Hindi,Uttar Pradesh,Degree,Student,0- 16000 (BPL- Urban),3000,By Visiting Website - Online/ net banking,Owned,300,Small,Some what Liberal,17,13,11,19,21,18,15,26,10,20
15-24 ,Generation Z,Male,Hindi,Uttar Pradesh,Degree,Student,< 1 Lakhs,4200,By Visiting Website - Online/ net banking,Rent,1500,Medium,Moderate,14,11,16,18,22,18,18,20,6,14
15-24 ,Generation Z,Female,Hindi,Uttar Pradesh,Degree,Student,<2.5 Lakhs,7000,By Visiting Utility office - Self,Owned,2228,Medium,Some what Liberal,10,9,13,13,15,14,11,20,6,12
25 -39 ,Millennials,Male,Hindi,Uttar Pradesh,Post Graduate,Student,< 1 Lakhs,750,By Visiting Utility office - Self,Owned,105,Small,Very Liberal,15,11,12,8,15,9,11,20,6,12
15-24 ,Generation Z,Male,Hindi,Uttar Pradesh,Degree,Student,< 1 Lakhs,1200,By Visiting Website - Online/ net banking,Owned,500,Small,Some what Liberal,9,10,10,12,22,12,7,11,4,7
25 -39 ,Millennials,Male,Hindi,Uttar Pradesh,Post Graduate,Student,2.5 lakhs - 5  lakhs,6500,By Visiting Website - Online/ net banking,Owned,3150,Large,Moderate,15,10,20,24,21,18,13,27,8,16
25 -39 ,Millennials,Male,Hindi,Uttar Pradesh,Post Graduate,Student,< 1 Lakhs,1000,By Visiting Utility office - Self,Owned,891,Small,Moderate,14,10,19,16,17,18,14,27,8,13
15-24 ,Generation Z,Male,Hindi,Uttar Pradesh,Degree,Student,Above 10 lakhs,2500,By Visiting Website - Online/ net banking,Owned,200,Small,Moderate,15,9,10,14,22,18,15,15,6,12
15-24 ,Generation Z,Female,Hindi,Uttar Pradesh,Degree,Student,5-7.5 lakhs,5000,By Visiting Website - Online/ net banking,Owned,500,Small,Moderate,14,12,20,14,16,18,18,19,5,11
25 -39 ,Millennials,Male,Hindi,Uttar Pradesh,Post Graduate,Student,< 1 Lakhs,1700,By Visiting Website - Online/ net banking,Owned,200,Small,Very Liberal,16,14,12,8,16,9,18,19,5,11
15-24 ,Generation Z,Male,Hindi,Uttar Pradesh,Degree,Student,<2.5 Lakhs,2000,By Visiting Website - Online/ net banking,Owned,250,Small,Moderate,10,5,16,6,19,18,19,10,10,20
15-24 ,Generation Z,Male,Hindi,Uttar Pradesh,Degree,Student,2.5 lakhs - 5  lakhs,7500,By Visiting Utility office -  Seeks others help,Owned,1785,Medium,Very Liberal,13,13,25,30,22,18,17,30,10,20
15-24 ,Generation Z,Male,Hindi,Uttar Pradesh,Degree,Student,<2.5 Lakhs,700,By Visiting Utility office - Self,Owned,400,Small,Some what Liberal,19,13,25,30,21,16,19,29,9,19
25 -39 ,Millennials,Male,English,Uttar Pradesh,Post Graduate,Student,2.5 lakhs - 5  lakhs,3000,By Visiting Website - Online/ net banking,Rent,200,Small,Moderate,17,13,18,24,22,18,7,20,7,13
15-24 ,Generation Z,Female,Hindi,Uttar Pradesh,Degree,Student,2.5 lakhs - 5  lakhs,4000,By Visiting Website - Online/ net banking,Owned,1000,Medium,Moderate,19,7,25,30,12,9,5,20,8,18
15-24 ,Generation Z,Male,Hindi,Delhi,Degree,Student,<2.5 Lakhs,1000,By Visiting Website - Online/ net banking,Owned,360,Small,Very Liberal,19,10,20,27,20,18,13,23,7,15
25 -39 ,Millennials,Male,Hindi,Uttar Pradesh,Post Graduate,Student,5-7.5 lakhs,900,By Visiting Utility office - Self,Owned,350,Small,Very Liberal,10,9,14,19,21,13,15,15,8,16
25 -39 ,Millennials,Female,Hindi,Uttar Pradesh,Post Graduate,Student,<2.5 Lakhs,4000,By Visiting Utility office - Self,Owned,1000,Medium,Some what Liberal,15,13,24,29,22,18,15,25,8,16
25 -39 ,Millennials,Female,Hindi,Uttar Pradesh,Post Graduate,Student,<2.5 Lakhs,5000,By Visiting Website - Online/ net banking,Owned,1600,Medium,Moderate,13,12,15,17,16,17,16,18,6,12
15-24 ,Generation Z,Male,Hindi,Uttar Pradesh,Degree,Student,2.5 lakhs - 5  lakhs,6000,By Visiting Website - Online/ net banking,Owned,1600,Medium,Moderate,14,12,17,19,0,16,19,30,10,20
15-24 ,Generation Z,Male,Hindi,Uttar Pradesh,Degree,Student,2.5 lakhs - 5  lakhs,1600,By Visiting Website - Online/ net banking,Owned,1400,Medium,Some what Liberal,11,12,18,13,18,17,16,28,9,19
25 -39 ,Millennials,Male,Hindi,Uttar Pradesh,Post Graduate,Student,0- 16000 (BPL- Urban),5000,By Visiting Utility office - Self,Owned,350,Small,Very Liberal,15,9,11,19,21,11,14,16,6,13
25 -39 ,Millennials,Female,Hindi,Uttar Pradesh,Post Graduate,Student,< 1 Lakhs,"10,000",By Visiting Website - Online/ net banking,Owned,1500,Medium,Moderate,10,5,16,18,0,11,13,19,5,11
15-24 ,Generation Z,Male,Hindi,Uttar Pradesh,Degree,Student,< 1 Lakhs,3000,By Visiting Utility office - Self,Owned,500,Small,Moderate,16,13,25,30,22,18,18,30,9,19
15-24 ,Generation Z,Male,Hindi,Uttar Pradesh,Degree,Student,7.5 - 10 Lakhs,1500,By Visiting Utility office - Self,Owned,430,Small,Some what Liberal,8,9,13,15,21,16,17,21,7,15
15-24 ,Generation Z,Male,Hindi,Bihar,Degree,Student,2.5 lakhs - 5  lakhs,2000,By Visiting Website - Online/ net banking,Owned,1500,Medium,Very Liberal,13,5,15,18,22,18,15,18,7,13
25 -39 ,Millennials,Male,Marathi,Maharashtra,Post Graduate,Employed (Govt. Sector and private),Above 10 lakhs,1800,By Visiting Website - Online/ net banking,Owned,1000,Medium,Very Liberal,18,14,20,22,22,16,9,23,10,16
15-24 ,Generation Z,Male,Telugu,Andhra Pradesh,Degree,Student,<2.5 Lakhs,350,By Visiting Website - Online/ net banking,Owned,7560,Large,Moderate,12,12,5,18,22,14,15,18,7,14
15-24 ,Generation Z,Male,Khasi,Meghalaya ,Degree,Student,< 1 Lakhs,500,By Visiting Utility office - Self,Owned,500,Small,Moderate,13,13,20,24,20,18,13,21,7,15
15-24 ,Generation Z,Female,Khasi,Meghalaya ,Degree,Student,< 1 Lakhs,1500,By Visiting Website - Online/ net banking,Owned,200,Small,Moderate,13,12,15,18,22,18,11,18,6,12
25 -39 ,Millennials,Male,Tamil,Tamil Nadu,Post Graduate,Research Scholar,< 1 Lakhs,1100,By Visiting Website - Online/ net banking,Owned,400,Small,Moderate,9,14,5,6,20,18,9,20,2,12
25 -39 ,Millennials,Male,Telugu,Andhra Pradesh,Post Graduate,Research Scholar,5-7.5 lakhs,1000,By Visiting Website - Online/ net banking,Owned,5000,Large,Moderate,9,12,15,22,16,18,19,22,7,17
15-24 ,Generation Z,Female,Tamil,Tamil Nadu,Degree,Student,0- 16000 (BPL- Urban),5000,By Visiting Utility office - Self,Owned,3500,Large,Moderate,16,13,16,20,22,18,13,18,6,12
15-24 ,Generation Z,Male,Telugu,Tamil Nadu,Degree,Student,<2.5 Lakhs,7000,By Visiting Utility office - Self,Owned,600,Small,Moderate,13,12,13,17,19,17,14,20,7,15
15-24 ,Generation Z,Male,Tamil,Tamil Nadu,Degree,Student,< 1 Lakhs,600,By Visiting Utility office - Self,Owned,500,Small,Very Liberal,16,10,17,23,10,14,6,22,7,15
15-24 ,Generation Z,Male,Tamil,Tamil Nadu,Degree,Student,0- 16000 (BPL- Urban),1500,By Visiting Website - Online/ net banking,Owned,3000,Large,Moderate,11,10,14,16,17,14,11,17,4,10
25 -39 ,Millennials,Male,Telugu,Andhra Pradesh,Post Graduate,Student,2.5 lakhs - 5  lakhs,500,By Visiting Website - Online/ net banking,Owned,1500,Medium,Some what Liberal,12,12,16,22,17,11,12,19,6,13
25 -39 ,Millennials,Female,Tamil,Tamil Nadu,Doctoral and Higher,Employed (Govt. Sector and private),5-7.5 lakhs,2500,By Visiting Website - Online/ net banking,Owned,1200,Medium,Moderate,13,10,15,18,22,15,11,19,6,13
25 -39 ,Millennials,Male,Hindi,Bihar,Post Graduate,Student,< 1 Lakhs,300,By Visiting Utility office -  Seeks others help,Owned,800,Small,Very Liberal,13,8,25,12,19,18,18,30,10,20
25 -39 ,Millennials,Male,Hindi,Bihar,Post Graduate,Student,<2.5 Lakhs,1000,By Visiting Utility office - Self,Owned,500,Small,Very Liberal,20,9,25,30,16,13,14,29,10,18
15-24 ,Generation Z,Male,Telugu,Tamil Nadu,Degree,Student,0- 16000 (BPL- Urban),340,By Visiting Website - Online/ net banking,Rent,3000,Large,Very Liberal,13,11,17,18,13,10,10,19,6,12
15-24 ,Generation Z,Male,Telugu,Tamil Nadu,Degree,Student,<2.5 Lakhs,7000,By Visiting Utility office - Self,Owned,600,Small,Some what Liberal,15,14,19,16,17,16,13,22,6,12
15-24 ,Generation Z,Male,Tamil,Tamil Nadu,Degree,Student,5-7.5 lakhs,3500,By Visiting Utility office - Self,Owned,600,Small,Some what Liberal,19,10,19,24,22,11,10,19,7,14
15-24 ,Generation Z,Male,Telugu,Tamil Nadu,Degree,Student,<2.5 Lakhs,7000,By Visiting Utility office - Self,Owned,600,Small,Some what Liberal,15,14,19,16,17,16,13,22,6,12
15-24 ,Generation Z,Male,Tamil,Tamil Nadu,Degree,Student,5-7.5 lakhs,2500,By Visiting Utility office - Self,Owned,600,Small,Some what Liberal,19,10,19,24,22,11,10,19,7,14
